{"v":"5.7.3","fr":29.9700012207031,"ip":0,"op":60.0000024438501,"w":454,"h":454,"nm":"isometric-logo","ddd":0,"assets":[],"layers":[{"ddd":0,"ind":1,"ty":4,"nm":"vélo Silhouettes","td":1,"sr":1,"ks":{"o":{"a":0,"k":100,"ix":11},"r":{"a":0,"k":0,"ix":10},"p":{"a":1,"k":[{"i":{"x":0.667,"y":1},"o":{"x":0.333,"y":0},"t":12,"s":[-18.429,455.68,0],"to":[19.833,-21.333,0],"ti":[-19.833,21.333,0]},{"t":32.0000013033867,"s":[100.571,327.68,0]}],"ix":2},"a":{"a":0,"k":[60.453,61.367,0],"ix":1},"s":{"a":0,"k":[100,100,100],"ix":6}},"ao":0,"shapes":[{"ty":"gr","it":[{"ind":0,"ty":"sh","ix":1,"ks":{"a":0,"k":{"i":[[7.098,-6.904],[6.904,7.098],[-1.652,5.954],[0,0],[-1.171,2.071],[2.073,1.173],[0,0],[-0.179,0.175],[-6.904,-7.096]],"o":[[-7.098,6.904],[-4.611,-4.74],[0,0],[2.074,1.173],[1.173,-2.073],[0,0],[0.171,-0.181],[7.099,-6.904],[6.903,7.098]],"v":[[43.448,-15.455],[18.056,-15.807],[13.641,-33.154],[28.803,-24.573],[34.681,-26.202],[33.052,-32.08],[17.885,-40.663],[18.407,-41.198],[43.8,-40.848]],"c":true},"ix":2},"nm":"Tracé 1","mn":"ADBE Vector Shape - Group","hd":false},{"ind":1,"ty":"sh","ix":2,"ks":{"a":0,"k":{"i":[[0,0],[0,0],[0,0]],"o":[[0,0],[0,0],[0,0]],"v":[[-6.01,-0.564],[-34.66,-7.979],[-12.368,-30.302]],"c":true},"ix":2},"nm":"Tracé 2","mn":"ADBE Vector Shape - Group","hd":false},{"ind":2,"ty":"sh","ix":3,"ks":{"a":0,"k":{"i":[[0,0],[0,0],[-3.39,-2.394]],"o":[[0,0],[3.986,-0.236],[0,0]],"v":[[-28.774,24.27],[-32,13.93],[-20.579,17.171]],"c":true},"ix":2},"nm":"Tracé 3","mn":"ADBE Vector Shape - Group","hd":false},{"ind":3,"ty":"sh","ix":4,"ks":{"a":0,"k":{"i":[[6.905,7.098],[-7.097,6.903],[-1.138,0.691],[0,0],[-1.399,-0.398],[-1.1,0.952],[0,0],[5.772,-5.614]],"o":[[-6.903,-7.097],[0.994,-0.967],[0,0],[0.433,1.389],[1.4,0.399],[0,0],[3.474,6.827],[-7.098,6.903]],"v":[[-43.801,44.361],[-43.449,18.971],[-40.237,16.49],[-35.046,33.126],[-32.11,35.99],[-28.105,35.102],[-14.928,23.689],[-18.408,44.714]],"c":true},"ix":2},"nm":"Tracé 4","mn":"ADBE Vector Shape - Group","hd":false},{"ind":4,"ty":"sh","ix":5,"ks":{"a":0,"k":{"i":[[0,0],[0,0],[0,0],[7.233,-1.005]],"o":[[0,0],[0,0],[-5.899,-4.917],[0,0]],"v":[[-36.178,0.538],[-9.38,7.473],[-13.926,11.41],[-34.62,5.531]],"c":true},"ix":2},"nm":"Tracé 5","mn":"ADBE Vector Shape - Group","hd":false},{"ind":5,"ty":"sh","ix":6,"ks":{"a":0,"k":{"i":[[10.507,-10.219],[0.666,-0.827],[0,0],[0.747,0.768],[1.707,-1.66],[0,0],[-1.661,-1.707],[-1.707,1.661],[0,0],[0,0],[0.145,-0.15],[0,0],[0.932,0.958],[1.708,-1.661],[0,0],[-1.66,-1.707],[-1.707,1.661],[0,0],[-0.406,-0.104],[0,0],[0,0],[2.001,-1.946],[-10.22,-10.507],[-10.507,10.22],[6.365,10.362],[0,0],[-0.06,0.058],[0.312,1.456],[0,0],[0,0],[-7.351,-7.558],[-10.507,10.22],[10.22,10.507]],"o":[[-0.78,0.76],[0,0],[-0.062,-0.991],[-1.661,-1.707],[0,0],[-1.707,1.661],[1.66,1.707],[0,0],[0,0],[-0.163,0.122],[0,0],[0.133,-1.233],[-1.661,-1.707],[0,0],[-1.707,1.661],[1.66,1.707],[0,0],[0.344,0.205],[0,0],[0,0],[-2.372,1.189],[-10.506,10.221],[10.22,10.508],[9.073,-8.826],[0,0],[0.063,-0.055],[1.058,-1.03],[0,0],[0,0],[-3.398,9.297],[10.22,10.507],[10.507,-10.22],[-10.221,-10.507]],"v":[[12.393,-47.382],[10.23,-44.996],[-10.337,-56.637],[-11.546,-59.372],[-17.645,-59.457],[-30.397,-47.053],[-30.481,-40.954],[-24.383,-40.87],[-16.306,-48.726],[-14.506,-40.305],[-14.973,-39.899],[-42.191,-12.645],[-43.387,-16.116],[-49.486,-16.2],[-56.933,-8.956],[-57.017,-2.857],[-50.919,-2.773],[-50.363,-3.314],[-49.237,-2.842],[-46.008,-2.007],[-42.858,8.087],[-49.464,12.786],[-49.983,50.376],[-12.394,50.896],[-8.281,17.932],[2.488,8.605],[2.672,8.437],[3.881,4.443],[-6.607,-44.614],[5.978,-37.491],[11.873,-9.792],[49.462,-9.271],[49.983,-46.861]],"c":true},"ix":2},"nm":"Tracé 6","mn":"ADBE Vector Shape - Group","hd":false},{"ty":"mm","mm":1,"nm":"Fusionner les tracés 1","mn":"ADBE Vector Filter - Merge","hd":false},{"ty":"fl","c":{"a":0,"k":[0.2,0.2,0.2,1],"ix":4},"o":{"a":0,"k":100,"ix":5},"r":1,"bm":0,"nm":"Fond 1","mn":"ADBE Vector Graphic - Fill","hd":false},{"ty":"tr","p":{"a":0,"k":[60.453,61.367],"ix":2},"a":{"a":0,"k":[0,0],"ix":1},"s":{"a":0,"k":[100,100],"ix":3},"r":{"a":0,"k":0,"ix":6},"o":{"a":0,"k":100,"ix":7},"sk":{"a":0,"k":0,"ix":4},"sa":{"a":0,"k":0,"ix":5},"nm":"Transformer "}],"nm":"Groupe 1","np":10,"cix":2,"bm":0,"ix":1,"mn":"ADBE Vector Group","hd":false}],"ip":0,"op":60.0000024438501,"st":0,"bm":0},{"ddd":0,"ind":2,"ty":4,"nm":"contour maps Silhouettes 2","tt":1,"sr":1,"ks":{"o":{"a":0,"k":100,"ix":11},"r":{"a":0,"k":0,"ix":10},"p":{"a":0,"k":[226.859,226.649,0],"ix":2},"a":{"a":0,"k":[191.735,177.235,0],"ix":1},"s":{"a":0,"k":[100,100,100],"ix":6}},"ao":0,"ef":[{"ty":21,"nm":"Remplir","np":9,"mn":"ADBE Fill","ix":1,"en":1,"ef":[{"ty":10,"nm":"Remplir le masque","mn":"ADBE Fill-0001","ix":1,"v":{"a":0,"k":0,"ix":1}},{"ty":7,"nm":"Tous les masques","mn":"ADBE Fill-0007","ix":2,"v":{"a":0,"k":0,"ix":2}},{"ty":2,"nm":"Couleur","mn":"ADBE Fill-0002","ix":3,"v":{"a":0,"k":[0.200000017881,0.200000017881,0.200000017881,1],"ix":3}},{"ty":7,"nm":"Inversion","mn":"ADBE Fill-0006","ix":4,"v":{"a":0,"k":0,"ix":4}},{"ty":0,"nm":"Contour progressif horizontal","mn":"ADBE Fill-0003","ix":5,"v":{"a":0,"k":0,"ix":5}},{"ty":0,"nm":"Contour progressif vertical","mn":"ADBE Fill-0004","ix":6,"v":{"a":0,"k":0,"ix":6}},{"ty":0,"nm":"Opacité ","mn":"ADBE Fill-0005","ix":7,"v":{"a":0,"k":1,"ix":7}}]}],"shapes":[{"ty":"gr","it":[{"ind":0,"ty":"sh","ix":1,"ks":{"a":0,"k":{"i":[[-9.399,3.11],[0,0],[43.34,-16.59],[41,7],[21.07,-4.509],[17.94,-3.88],[4.31,-0.94],[0,0],[-5.3,1.18],[-11.52,2.57],[-26.5,5.91],[-40.99,-9.67],[-33.94,11.23]],"o":[[0,0],[-43.34,16.591],[-40.99,-7.01],[-21.06,4.58],[-17.95,3.841],[-4.31,0.93],[0,0],[5.3,-1.18],[11.52,-2.57],[26.5,-5.92],[41,9.67],[33.94,-11.23],[9.4,-3.11]],"v":[[191.485,-176.985],[191.485,119.994],[61.475,169.775],[-61.515,149.025],[-124.715,162.624],[-178.555,174.185],[-191.485,176.985],[-191.485,-133.955],[-175.575,-137.505],[-141.015,-145.225],[-61.515,-162.975],[61.475,-133.975],[163.285,-167.655]],"c":true},"ix":2},"nm":"Tracé 1","mn":"ADBE Vector Shape - Group","hd":false},{"ty":"fl","c":{"a":0,"k":[1,1,1,1],"ix":4},"o":{"a":0,"k":100,"ix":5},"r":1,"bm":0,"nm":"Fond 1","mn":"ADBE Vector Graphic - Fill","hd":false},{"ty":"tr","p":{"a":0,"k":[191.735,177.235],"ix":2},"a":{"a":0,"k":[0,0],"ix":1},"s":{"a":0,"k":[100,100],"ix":3},"r":{"a":0,"k":0,"ix":6},"o":{"a":0,"k":100,"ix":7},"sk":{"a":0,"k":0,"ix":4},"sa":{"a":0,"k":0,"ix":5},"nm":"Transformer "}],"nm":"Groupe 1","np":4,"cix":2,"bm":0,"ix":1,"mn":"ADBE Vector Group","hd":false}],"ip":0,"op":60.0000024438501,"st":0,"bm":0},{"ddd":0,"ind":3,"ty":4,"nm":"kayak Silhouettes","td":1,"sr":1,"ks":{"o":{"a":0,"k":100,"ix":11},"r":{"a":0,"k":0,"ix":10},"p":{"a":1,"k":[{"i":{"x":0.667,"y":1},"o":{"x":0.333,"y":0},"t":22,"s":[490.449,409.047,0],"to":[-22.667,-24,0],"ti":[22.667,24,0]},{"t":42.0000017106951,"s":[354.449,265.047,0]}],"ix":2},"a":{"a":0,"k":[58.616,58.868,0],"ix":1},"s":{"a":0,"k":[100,100,100],"ix":6}},"ao":0,"shapes":[{"ty":"gr","it":[{"ind":0,"ty":"sh","ix":1,"ks":{"a":0,"k":{"i":[[1.499,1.639],[0,0],[3.799,-3.593],[0,0],[0.086,-3.102],[-2.122,-2.242],[-3.102,-0.086],[-2.243,2.122],[0,0],[-0.082,2.966],[0.867,1.731],[0,0]],"o":[[0,0],[-4.321,-2.474],[0,0],[-2.243,2.121],[-0.086,3.101],[2.121,2.243],[3.101,0.086],[0,0],[2.321,-2.196],[0.053,-1.888],[0,0],[-1.595,-1.57]],"v":[[14.778,-18.791],[2.865,-7.522],[-10.865,-5.888],[-15.722,-1.292],[-19.334,6.807],[-16.178,15.094],[-8.079,18.705],[0.209,15.549],[5.066,10.953],[8.682,2.855],[7.46,-2.665],[19.42,-13.977]],"c":true},"ix":2},"nm":"Tracé 1","mn":"ADBE Vector Shape - Group","hd":false},{"ty":"fl","c":{"a":0,"k":[0.2,0.2,0.2,1],"ix":4},"o":{"a":0,"k":100,"ix":5},"r":1,"bm":0,"nm":"Fond 1","mn":"ADBE Vector Graphic - Fill","hd":false},{"ty":"tr","p":{"a":0,"k":[19.669,95.944],"ix":2},"a":{"a":0,"k":[0,0],"ix":1},"s":{"a":0,"k":[100,100],"ix":3},"r":{"a":0,"k":0,"ix":6},"o":{"a":0,"k":100,"ix":7},"sk":{"a":0,"k":0,"ix":4},"sa":{"a":0,"k":0,"ix":5},"nm":"Transformer "}],"nm":"Groupe 1","np":4,"cix":2,"bm":0,"ix":1,"mn":"ADBE Vector Group","hd":false},{"ty":"gr","it":[{"ind":0,"ty":"sh","ix":1,"ks":{"a":0,"k":{"i":[[4.644,-4.393],[0,0],[-2.251,-4.456],[0,0],[-1.479,-1.681],[0,0],[-3.789,3.584],[0,0],[-0.082,2.967],[2.196,2.321]],"o":[[0,0],[-3.808,3.603],[0,0],[1.554,1.588],[0,0],[4.316,2.452],[0,0],[2.321,-2.196],[0.083,-2.967],[-4.393,-4.643]],"v":[[-0.232,-15.022],[-5.09,-10.427],[-7.466,3.226],[-19.398,14.512],[-14.848,19.415],[-2.856,8.07],[10.841,6.416],[15.7,1.82],[19.315,-6.28],[16.155,-14.567]],"c":true},"ix":2},"nm":"Tracé 1","mn":"ADBE Vector Shape - Group","hd":false},{"ty":"fl","c":{"a":0,"k":[0.2,0.2,0.2,1],"ix":4},"o":{"a":0,"k":100,"ix":5},"r":1,"bm":0,"nm":"Fond 1","mn":"ADBE Vector Graphic - Fill","hd":false},{"ty":"tr","p":{"a":0,"k":[97.584,21.264],"ix":2},"a":{"a":0,"k":[0,0],"ix":1},"s":{"a":0,"k":[100,100],"ix":3},"r":{"a":0,"k":0,"ix":6},"o":{"a":0,"k":100,"ix":7},"sk":{"a":0,"k":0,"ix":4},"sa":{"a":0,"k":0,"ix":5},"nm":"Transformer "}],"nm":"Groupe 2","np":4,"cix":2,"bm":0,"ix":2,"mn":"ADBE Vector Group","hd":false},{"ty":"gr","it":[{"ind":0,"ty":"sh","ix":1,"ks":{"a":0,"k":{"i":[[0,0],[-0.105,3.759],[-2.717,2.571],[-3.758,-0.104],[-2.569,-2.717],[0,0],[0,0],[9.924,5.606],[15.58,2.096],[0.733,-0.694],[0,0],[-0.078,-1.008],[-6.787,-13.743],[-7.802,-8.535],[0,0]],"o":[[-2.57,-2.716],[0.103,-3.758],[2.717,-2.569],[3.758,0.105],[0,0],[0,0],[-8.088,-8.264],[-13.346,-7.539],[-1.001,-0.134],[0,0],[-0.734,0.694],[1.228,15.672],[5.047,10.22],[0,0],[0,0]],"v":[[-0.607,20.91],[-4.431,10.87],[-0.057,1.057],[9.983,-2.767],[19.795,1.609],[25.949,8.113],[37.617,-2.926],[10.518,-23.799],[-33.075,-38.318],[-35.818,-37.433],[-36.503,-36.785],[-37.538,-34.095],[-25.461,10.236],[-6.124,38.452],[5.544,27.414]],"c":true},"ix":2},"nm":"Tracé 1","mn":"ADBE Vector Shape - Group","hd":false},{"ty":"fl","c":{"a":0,"k":[0.2,0.2,0.2,1],"ix":4},"o":{"a":0,"k":100,"ix":5},"r":1,"bm":0,"nm":"Fond 1","mn":"ADBE Vector Graphic - Fill","hd":false},{"ty":"tr","p":{"a":0,"k":[40.57,38.702],"ix":2},"a":{"a":0,"k":[0,0],"ix":1},"s":{"a":0,"k":[100,100],"ix":3},"r":{"a":0,"k":0,"ix":6},"o":{"a":0,"k":100,"ix":7},"sk":{"a":0,"k":0,"ix":4},"sa":{"a":0,"k":0,"ix":5},"nm":"Transformer "}],"nm":"Groupe 3","np":4,"cix":2,"bm":0,"ix":3,"mn":"ADBE Vector Group","hd":false},{"ty":"gr","it":[{"ind":0,"ty":"sh","ix":1,"ks":{"a":0,"k":{"i":[[1.973,0.056],[1.419,-1.343],[0.055,-1.973],[-1.342,-1.419],[0,0],[0,0],[0,0]],"o":[[-1.973,-0.055],[-1.419,1.342],[-0.055,1.972],[0,0],[0,0],[0,0],[-1.343,-1.418]],"v":[[-1.847,-9.422],[-7.106,-7.425],[-9.391,-2.285],[-7.395,2.974],[-1.242,9.477],[9.446,-0.633],[3.294,-7.137]],"c":true},"ix":2},"nm":"Tracé 1","mn":"ADBE Vector Shape - Group","hd":false},{"ty":"fl","c":{"a":0,"k":[0.2,0.2,0.2,1],"ix":4},"o":{"a":0,"k":100,"ix":5},"r":1,"bm":0,"nm":"Fond 1","mn":"ADBE Vector Graphic - Fill","hd":false},{"ty":"tr","p":{"a":0,"k":[52.215,52.042],"ix":2},"a":{"a":0,"k":[0,0],"ix":1},"s":{"a":0,"k":[100,100],"ix":3},"r":{"a":0,"k":0,"ix":6},"o":{"a":0,"k":100,"ix":7},"sk":{"a":0,"k":0,"ix":4},"sa":{"a":0,"k":0,"ix":5},"nm":"Transformer "}],"nm":"Groupe 4","np":4,"cix":2,"bm":0,"ix":4,"mn":"ADBE Vector Group","hd":false},{"ty":"gr","it":[{"ind":0,"ty":"sh","ix":1,"ks":{"a":0,"k":{"i":[[0,0],[0.105,-3.758],[2.717,-2.57],[5.321,5.625],[0,0],[0,0],[-0.398,-0.381],[-12.235,-5.947],[-12.221,-1.644],[-0.733,0.694],[0,0],[-0.025,0.881],[0.01,0.118],[5.087,12.134],[8.814,10.274],[0.363,0.413],[0,0]],"o":[[2.569,2.717],[-0.104,3.758],[-5.625,5.321],[0,0],[0,0],[0.392,0.386],[9.769,9.371],[11.833,5.752],[1.001,0.135],[0,0],[0.647,-0.613],[0.004,-0.118],[-0.963,-12.293],[-5.26,-12.547],[-0.359,-0.418],[0,0],[0,0]],"v":[[0.562,-20.991],[4.385,-10.951],[0.01,-1.138],[-19.842,-1.689],[-25.914,-8.108],[-37.536,2.886],[-36.353,4.036],[-3.191,27.122],[33.059,38.269],[35.802,37.384],[36.488,36.736],[37.532,34.4],[37.523,34.046],[28.406,-2.767],[7.195,-37.159],[6.112,-38.404],[-5.51,-27.41]],"c":true},"ix":2},"nm":"Tracé 1","mn":"ADBE Vector Shape - Group","hd":false},{"ty":"fl","c":{"a":0,"k":[0.2,0.2,0.2,1],"ix":4},"o":{"a":0,"k":100,"ix":5},"r":1,"bm":0,"nm":"Fond 1","mn":"ADBE Vector Graphic - Fill","hd":false},{"ty":"tr","p":{"a":0,"k":[76.624,79.081],"ix":2},"a":{"a":0,"k":[0,0],"ix":1},"s":{"a":0,"k":[100,100],"ix":3},"r":{"a":0,"k":0,"ix":6},"o":{"a":0,"k":100,"ix":7},"sk":{"a":0,"k":0,"ix":4},"sa":{"a":0,"k":0,"ix":5},"nm":"Transformer "}],"nm":"Groupe 5","np":4,"cix":2,"bm":0,"ix":5,"mn":"ADBE Vector Group","hd":false},{"ty":"gr","it":[{"ind":0,"ty":"sh","ix":1,"ks":{"a":0,"k":{"i":[[0,0],[-1.973,-0.056],[-1.418,1.343],[-0.055,1.973],[1.341,1.419],[0,0],[0,0]],"o":[[1.342,1.418],[1.972,0.055],[1.419,-1.342],[0.054,-1.972],[0,0],[0,0],[0,0]],"v":[[-3.333,7.094],[1.807,9.38],[7.065,7.383],[9.351,2.243],[7.355,-3.016],[1.282,-9.435],[-9.405,0.676]],"c":true},"ix":2},"nm":"Tracé 1","mn":"ADBE Vector Shape - Group","hd":false},{"ty":"fl","c":{"a":0,"k":[0.2,0.2,0.2,1],"ix":4},"o":{"a":0,"k":100,"ix":5},"r":1,"bm":0,"nm":"Fond 1","mn":"ADBE Vector Graphic - Fill","hd":false},{"ty":"tr","p":{"a":0,"k":[64.973,65.702],"ix":2},"a":{"a":0,"k":[0,0],"ix":1},"s":{"a":0,"k":[100,100],"ix":3},"r":{"a":0,"k":0,"ix":6},"o":{"a":0,"k":100,"ix":7},"sk":{"a":0,"k":0,"ix":4},"sa":{"a":0,"k":0,"ix":5},"nm":"Transformer "}],"nm":"Groupe 6","np":4,"cix":2,"bm":0,"ix":6,"mn":"ADBE Vector Group","hd":false}],"ip":0,"op":60.0000024438501,"st":0,"bm":0},{"ddd":0,"ind":4,"ty":4,"nm":"contour maps Silhouettes 3","tt":1,"sr":1,"ks":{"o":{"a":0,"k":100,"ix":11},"r":{"a":0,"k":0,"ix":10},"p":{"a":0,"k":[226.859,226.649,0],"ix":2},"a":{"a":0,"k":[191.735,177.235,0],"ix":1},"s":{"a":0,"k":[100,100,100],"ix":6}},"ao":0,"ef":[{"ty":21,"nm":"Remplir","np":9,"mn":"ADBE Fill","ix":1,"en":1,"ef":[{"ty":10,"nm":"Remplir le masque","mn":"ADBE Fill-0001","ix":1,"v":{"a":0,"k":0,"ix":1}},{"ty":7,"nm":"Tous les masques","mn":"ADBE Fill-0007","ix":2,"v":{"a":0,"k":0,"ix":2}},{"ty":2,"nm":"Couleur","mn":"ADBE Fill-0002","ix":3,"v":{"a":0,"k":[0.200000017881,0.200000017881,0.200000017881,1],"ix":3}},{"ty":7,"nm":"Inversion","mn":"ADBE Fill-0006","ix":4,"v":{"a":0,"k":0,"ix":4}},{"ty":0,"nm":"Contour progressif horizontal","mn":"ADBE Fill-0003","ix":5,"v":{"a":0,"k":0,"ix":5}},{"ty":0,"nm":"Contour progressif vertical","mn":"ADBE Fill-0004","ix":6,"v":{"a":0,"k":0,"ix":6}},{"ty":0,"nm":"Opacité ","mn":"ADBE Fill-0005","ix":7,"v":{"a":0,"k":1,"ix":7}}]}],"shapes":[{"ty":"gr","it":[{"ind":0,"ty":"sh","ix":1,"ks":{"a":0,"k":{"i":[[-9.399,3.11],[0,0],[43.34,-16.59],[41,7],[21.07,-4.509],[17.94,-3.88],[4.31,-0.94],[0,0],[-5.3,1.18],[-11.52,2.57],[-26.5,5.91],[-40.99,-9.67],[-33.94,11.23]],"o":[[0,0],[-43.34,16.591],[-40.99,-7.01],[-21.06,4.58],[-17.95,3.841],[-4.31,0.93],[0,0],[5.3,-1.18],[11.52,-2.57],[26.5,-5.92],[41,9.67],[33.94,-11.23],[9.4,-3.11]],"v":[[191.485,-176.985],[191.485,119.994],[61.475,169.775],[-61.515,149.025],[-124.715,162.624],[-178.555,174.185],[-191.485,176.985],[-191.485,-133.955],[-175.575,-137.505],[-141.015,-145.225],[-61.515,-162.975],[61.475,-133.975],[163.285,-167.655]],"c":true},"ix":2},"nm":"Tracé 1","mn":"ADBE Vector Shape - Group","hd":false},{"ty":"fl","c":{"a":0,"k":[1,1,1,1],"ix":4},"o":{"a":0,"k":100,"ix":5},"r":1,"bm":0,"nm":"Fond 1","mn":"ADBE Vector Graphic - Fill","hd":false},{"ty":"tr","p":{"a":0,"k":[191.735,177.235],"ix":2},"a":{"a":0,"k":[0,0],"ix":1},"s":{"a":0,"k":[100,100],"ix":3},"r":{"a":0,"k":0,"ix":6},"o":{"a":0,"k":100,"ix":7},"sk":{"a":0,"k":0,"ix":4},"sa":{"a":0,"k":0,"ix":5},"nm":"Transformer "}],"nm":"Groupe 1","np":4,"cix":2,"bm":0,"ix":1,"mn":"ADBE Vector Group","hd":false}],"ip":0,"op":60.0000024438501,"st":0,"bm":0},{"ddd":0,"ind":5,"ty":4,"nm":"map left Silhouettes","sr":1,"ks":{"o":{"a":0,"k":100,"ix":11},"r":{"a":0,"k":0,"ix":10},"p":{"a":0,"k":[35.124,233.654,0],"ix":2},"a":{"a":0,"k":[0,170.23,0],"ix":1},"s":{"a":1,"k":[{"i":{"x":[0.499,0.667,0.667],"y":[1,1,1]},"o":{"x":[0.502,0.333,0.333],"y":[0,0,0]},"t":0,"s":[0,100,100]},{"t":17.0000006924242,"s":[100,100,100]}],"ix":6}},"ao":0,"shapes":[{"ty":"gr","it":[{"ind":0,"ty":"sh","ix":1,"ks":{"a":0,"k":{"i":[[0,0],[0,0],[0,0],[17.94,-3.88]],"o":[[0,0],[0,0],[-17.95,3.841],[0,0]],"v":[[58.52,-58.52],[58.52,-16.24],[-4.68,46.959],[-58.52,58.52]],"c":true},"ix":2},"nm":"Tracé 1","mn":"ADBE Vector Shape - Group","hd":false},{"ty":"fl","c":{"a":0,"k":[0.936999990426,0.808000033509,0.289999988032,1],"ix":4},"o":{"a":0,"k":100,"ix":5},"r":1,"bm":0,"nm":"Fond 1","mn":"ADBE Vector Graphic - Fill","hd":false},{"ty":"tr","p":{"a":0,"k":[71.7,278.89],"ix":2},"a":{"a":0,"k":[0,0],"ix":1},"s":{"a":0,"k":[100,100],"ix":3},"r":{"a":0,"k":0,"ix":6},"o":{"a":0,"k":100,"ix":7},"sk":{"a":0,"k":0,"ix":4},"sa":{"a":0,"k":0,"ix":5},"nm":"Transformer "}],"nm":"Groupe 1","np":4,"cix":2,"bm":0,"ix":1,"mn":"ADBE Vector Group","hd":false},{"ty":"gr","it":[{"ind":0,"ty":"sh","ix":1,"ks":{"a":0,"k":{"i":[[0,0],[0,0],[0,0],[-11.52,2.57]],"o":[[0,0],[0,0],[11.52,-2.57],[0,0]],"v":[[57.03,18.61],[57.03,60.89],[-57.03,-53.17],[-22.47,-60.89]],"c":true},"ix":2},"nm":"Tracé 1","mn":"ADBE Vector Shape - Group","hd":false},{"ty":"fl","c":{"a":0,"k":[0.936999990426,0.808000033509,0.289999988032,1],"ix":4},"o":{"a":0,"k":100,"ix":5},"r":1,"bm":0,"nm":"Fond 1","mn":"ADBE Vector Graphic - Fill","hd":false},{"ty":"tr","p":{"a":0,"k":[73.19,78.89],"ix":2},"a":{"a":0,"k":[0,0],"ix":1},"s":{"a":0,"k":[100,100],"ix":3},"r":{"a":0,"k":0,"ix":6},"o":{"a":0,"k":100,"ix":7},"sk":{"a":0,"k":0,"ix":4},"sa":{"a":0,"k":0,"ix":5},"nm":"Transformer "}],"nm":"Groupe 2","np":4,"cix":2,"bm":0,"ix":2,"mn":"ADBE Vector Group","hd":false},{"ty":"gr","it":[{"ind":0,"ty":"sh","ix":1,"ks":{"a":0,"k":{"i":[[0,0],[0,0],[21.07,-4.51]],"o":[[0,0],[-21.06,4.58],[0,0]],"v":[[31.6,-31.599],[31.6,18.001],[-31.6,31.6]],"c":true},"ix":2},"nm":"Tracé 1","mn":"ADBE Vector Shape - Group","hd":false},{"ty":"fl","c":{"a":0,"k":[0.536999990426,0.791999966491,0.855000035903,1],"ix":4},"o":{"a":0,"k":100,"ix":5},"r":1,"bm":0,"nm":"Fond 1","mn":"ADBE Vector Graphic - Fill","hd":false},{"ty":"tr","p":{"a":0,"k":[98.62,294.25],"ix":2},"a":{"a":0,"k":[0,0],"ix":1},"s":{"a":0,"k":[100,100],"ix":3},"r":{"a":0,"k":0,"ix":6},"o":{"a":0,"k":100,"ix":7},"sk":{"a":0,"k":0,"ix":4},"sa":{"a":0,"k":0,"ix":5},"nm":"Transformer "}],"nm":"Groupe 3","np":4,"cix":2,"bm":0,"ix":3,"mn":"ADBE Vector Group","hd":false},{"ty":"gr","it":[{"ind":0,"ty":"sh","ix":1,"ks":{"a":0,"k":{"i":[[-26.5,5.91],[0,0],[0,0]],"o":[[0,0],[0,0],[26.5,-5.92]],"v":[[39.75,-48.625],[39.75,48.625],[-39.75,-30.875]],"c":true},"ix":2},"nm":"Tracé 1","mn":"ADBE Vector Shape - Group","hd":false},{"ty":"fl","c":{"a":0,"k":[0.769000004787,0.842999985639,0.569000004787,1],"ix":4},"o":{"a":0,"k":100,"ix":5},"r":1,"bm":0,"nm":"Fond 1","mn":"ADBE Vector Graphic - Fill","hd":false},{"ty":"tr","p":{"a":0,"k":[90.47,48.875],"ix":2},"a":{"a":0,"k":[0,0],"ix":1},"s":{"a":0,"k":[100,100],"ix":3},"r":{"a":0,"k":0,"ix":6},"o":{"a":0,"k":100,"ix":7},"sk":{"a":0,"k":0,"ix":4},"sa":{"a":0,"k":0,"ix":5},"nm":"Transformer "}],"nm":"Groupe 4","np":4,"cix":2,"bm":0,"ix":4,"mn":"ADBE Vector Group","hd":false},{"ty":"gr","it":[{"ind":0,"ty":"sh","ix":1,"ks":{"a":0,"k":{"i":[[0,0],[0,0],[0,0],[4.31,-0.94],[0,0],[-5.3,1.18]],"o":[[0,0],[0,0],[-4.31,0.93],[0,0],[5.3,-1.18],[0,0]],"v":[[64.985,-43.185],[64.985,37.405],[-52.055,154.445],[-64.985,157.245],[-64.985,-153.695],[-49.075,-157.245]],"c":true},"ix":2},"nm":"Tracé 1","mn":"ADBE Vector Shape - Group","hd":false},{"ty":"fl","c":{"a":0,"k":[0.769000004787,0.842999985639,0.569000004787,1],"ix":4},"o":{"a":0,"k":100,"ix":5},"r":1,"bm":0,"nm":"Fond 1","mn":"ADBE Vector Graphic - Fill","hd":false},{"ty":"tr","p":{"a":0,"k":[65.235,182.965],"ix":2},"a":{"a":0,"k":[0,0],"ix":1},"s":{"a":0,"k":[100,100],"ix":3},"r":{"a":0,"k":0,"ix":6},"o":{"a":0,"k":100,"ix":7},"sk":{"a":0,"k":0,"ix":4},"sa":{"a":0,"k":0,"ix":5},"nm":"Transformer "}],"nm":"Groupe 5","np":4,"cix":2,"bm":0,"ix":5,"mn":"ADBE Vector Group","hd":false}],"ip":0,"op":60.0000024438501,"st":0,"bm":0},{"ddd":0,"ind":6,"ty":4,"nm":"map center Silhouettes","parent":5,"sr":1,"ks":{"o":{"a":0,"k":100,"ix":11},"r":{"a":0,"k":0,"ix":10},"p":{"a":0,"k":[129.97,166.625,0],"ix":2},"a":{"a":0,"k":[0,166.625,0],"ix":1},"s":{"a":0,"k":[100,100,100],"ix":6}},"ao":0,"shapes":[{"ty":"gr","it":[{"ind":0,"ty":"sh","ix":1,"ks":{"a":0,"k":{"i":[[0,0],[0,0],[0,0],[0,0],[0,0],[0,0],[0,0],[0,0],[0,0],[0,0]],"o":[[0,0],[0,0],[0,0],[0,0],[0,0],[0,0],[0,0],[0,0],[0,0],[0,0]],"v":[[61.495,-82.635],[61.495,-40.355],[21.085,0.065],[-0.055,21.204],[-61.495,82.635],[-61.495,40.355],[-21.195,0.065],[-61.495,-40.235],[-61.495,-82.515],[-0.055,-21.075]],"c":true},"ix":2},"nm":"Tracé 1","mn":"ADBE Vector Shape - Group","hd":false},{"ty":"fl","c":{"a":0,"k":[0.838999968884,0.705999995213,0.270999983245,1],"ix":4},"o":{"a":0,"k":100,"ix":5},"r":1,"bm":0,"nm":"Fond 1","mn":"ADBE Vector Graphic - Fill","hd":false},{"ty":"tr","p":{"a":0,"k":[61.745,180.015],"ix":2},"a":{"a":0,"k":[0,0],"ix":1},"s":{"a":0,"k":[100,100],"ix":3},"r":{"a":0,"k":0,"ix":6},"o":{"a":0,"k":100,"ix":7},"sk":{"a":0,"k":0,"ix":4},"sa":{"a":0,"k":0,"ix":5},"nm":"Transformer "}],"nm":"Groupe 1","np":4,"cix":2,"bm":0,"ix":1,"mn":"ADBE Vector Group","hd":false},{"ty":"gr","it":[{"ind":0,"ty":"sh","ix":1,"ks":{"a":0,"k":{"i":[[-40.99,-9.67],[0,0],[0,0],[0,0],[0,0]],"o":[[0,0],[0,0],[0,0],[0,0],[41,9.67]],"v":[[61.495,-50.345],[61.495,17.785],[-0.055,79.345],[-61.495,17.905],[-61.495,-79.345]],"c":true},"ix":2},"nm":"Tracé 1","mn":"ADBE Vector Shape - Group","hd":false},{"ty":"fl","c":{"a":0,"k":[0.698000021542,0.769000004787,0.560999971278,1],"ix":4},"o":{"a":0,"k":100,"ix":5},"r":1,"bm":0,"nm":"Fond 1","mn":"ADBE Vector Graphic - Fill","hd":false},{"ty":"tr","p":{"a":0,"k":[61.745,79.595],"ix":2},"a":{"a":0,"k":[0,0],"ix":1},"s":{"a":0,"k":[100,100],"ix":3},"r":{"a":0,"k":0,"ix":6},"o":{"a":0,"k":100,"ix":7},"sk":{"a":0,"k":0,"ix":4},"sa":{"a":0,"k":0,"ix":5},"nm":"Transformer "}],"nm":"Groupe 2","np":4,"cix":2,"bm":0,"ix":2,"mn":"ADBE Vector Group","hd":false},{"ty":"gr","it":[{"ind":0,"ty":"sh","ix":1,"ks":{"a":0,"k":{"i":[[0,0],[0,0],[0,0]],"o":[[0,0],[0,0],[0,0]],"v":[[20.15,0.005],[-20.15,40.295],[-20.15,-40.295]],"c":true},"ix":2},"nm":"Tracé 1","mn":"ADBE Vector Shape - Group","hd":false},{"ty":"fl","c":{"a":0,"k":[0.698000021542,0.769000004787,0.560999971278,1],"ix":4},"o":{"a":0,"k":100,"ix":5},"r":1,"bm":0,"nm":"Fond 1","mn":"ADBE Vector Graphic - Fill","hd":false},{"ty":"tr","p":{"a":0,"k":[20.4,180.075],"ix":2},"a":{"a":0,"k":[0,0],"ix":1},"s":{"a":0,"k":[100,100],"ix":3},"r":{"a":0,"k":0,"ix":6},"o":{"a":0,"k":100,"ix":7},"sk":{"a":0,"k":0,"ix":4},"sa":{"a":0,"k":0,"ix":5},"nm":"Transformer "}],"nm":"Groupe 3","np":4,"cix":2,"bm":0,"ix":3,"mn":"ADBE Vector Group","hd":false},{"ty":"gr","it":[{"ind":0,"ty":"sh","ix":1,"ks":{"a":0,"k":{"i":[[0,0],[0,0],[41,7],[0,0],[0,0],[0,0]],"o":[[0,0],[-40.99,-7.01],[0,0],[0,0],[0,0],[0,0]],"v":[[61.495,-96.67],[61.495,96.67],[-61.495,75.92],[-61.495,26.32],[-0.055,-35.11],[21.085,-56.25]],"c":true},"ix":2},"nm":"Tracé 1","mn":"ADBE Vector Shape - Group","hd":false},{"ty":"fl","c":{"a":0,"k":[0.368999974868,0.596000043084,0.654999976065,1],"ix":4},"o":{"a":0,"k":100,"ix":5},"r":1,"bm":0,"nm":"Fond 1","mn":"ADBE Vector Graphic - Fill","hd":false},{"ty":"tr","p":{"a":0,"k":[61.745,236.33],"ix":2},"a":{"a":0,"k":[0,0],"ix":1},"s":{"a":0,"k":[100,100],"ix":3},"r":{"a":0,"k":0,"ix":6},"o":{"a":0,"k":100,"ix":7},"sk":{"a":0,"k":0,"ix":4},"sa":{"a":0,"k":0,"ix":5},"nm":"Transformer "}],"nm":"Groupe 4","np":4,"cix":2,"bm":0,"ix":4,"mn":"ADBE Vector Group","hd":false}],"ip":0,"op":60.0000024438501,"st":0,"bm":0},{"ddd":0,"ind":7,"ty":4,"nm":"map right Silhouettes","parent":6,"sr":1,"ks":{"o":{"a":0,"k":100,"ix":11},"r":{"a":0,"k":0,"ix":10},"p":{"a":0,"k":[122.989,159.62,0],"ix":2},"a":{"a":0,"k":[0,173.63,0],"ix":1},"s":{"a":0,"k":[100,100,100],"ix":6}},"ao":0,"shapes":[{"ty":"gr","it":[{"ind":0,"ty":"sh","ix":1,"ks":{"a":0,"k":{"i":[[-9.399,3.11],[0,0],[0,0],[0,0],[0,0]],"o":[[0,0],[0,0],[0,0],[0,0],[9.4,-3.11]],"v":[[65.005,-76.71],[65.005,-53.3],[-65.005,76.71],[-65.005,34.43],[36.805,-67.38]],"c":true},"ix":2},"nm":"Tracé 1","mn":"ADBE Vector Shape - Group","hd":false},{"ty":"fl","c":{"a":0,"k":[0.936999990426,0.808000033509,0.289999988032,1],"ix":4},"o":{"a":0,"k":100,"ix":5},"r":1,"bm":0,"nm":"Fond 1","mn":"ADBE Vector Graphic - Fill","hd":false},{"ty":"tr","p":{"a":0,"k":[65.255,76.96],"ix":2},"a":{"a":0,"k":[0,0],"ix":1},"s":{"a":0,"k":[100,100],"ix":3},"r":{"a":0,"k":0,"ix":6},"o":{"a":0,"k":100,"ix":7},"sk":{"a":0,"k":0,"ix":4},"sa":{"a":0,"k":0,"ix":5},"nm":"Transformer "}],"nm":"Groupe 1","np":4,"cix":2,"bm":0,"ix":1,"mn":"ADBE Vector Group","hd":false},{"ty":"gr","it":[{"ind":0,"ty":"sh","ix":1,"ks":{"a":0,"k":{"i":[[0,0],[0,0],[43.34,-16.59],[0,0]],"o":[[0,0],[-43.34,16.591],[0,0],[0,0]],"v":[[65.005,-161.675],[65.005,111.895],[-65.005,161.675],[-65.005,-31.665]],"c":true},"ix":2},"nm":"Tracé 1","mn":"ADBE Vector Shape - Group","hd":false},{"ty":"fl","c":{"a":0,"k":[0.536999990426,0.791999966491,0.855000035903,1],"ix":4},"o":{"a":0,"k":100,"ix":5},"r":1,"bm":0,"nm":"Fond 1","mn":"ADBE Vector Graphic - Fill","hd":false},{"ty":"tr","p":{"a":0,"k":[65.255,185.335],"ix":2},"a":{"a":0,"k":[0,0],"ix":1},"s":{"a":0,"k":[100,100],"ix":3},"r":{"a":0,"k":0,"ix":6},"o":{"a":0,"k":100,"ix":7},"sk":{"a":0,"k":0,"ix":4},"sa":{"a":0,"k":0,"ix":5},"nm":"Transformer "}],"nm":"Groupe 2","np":4,"cix":2,"bm":0,"ix":2,"mn":"ADBE Vector Group","hd":false},{"ty":"gr","it":[{"ind":0,"ty":"sh","ix":1,"ks":{"a":0,"k":{"i":[[-33.939,11.229],[0,0],[0,0]],"o":[[0,0],[0,0],[33.94,-11.23]],"v":[[50.905,-50.905],[-50.905,50.905],[-50.905,-17.225]],"c":true},"ix":2},"nm":"Tracé 1","mn":"ADBE Vector Shape - Group","hd":false},{"ty":"fl","c":{"a":0,"k":[0.769000004787,0.842999985639,0.569000004787,1],"ix":4},"o":{"a":0,"k":100,"ix":5},"r":1,"bm":0,"nm":"Fond 1","mn":"ADBE Vector Graphic - Fill","hd":false},{"ty":"tr","p":{"a":0,"k":[51.155,60.485],"ix":2},"a":{"a":0,"k":[0,0],"ix":1},"s":{"a":0,"k":[100,100],"ix":3},"r":{"a":0,"k":0,"ix":6},"o":{"a":0,"k":100,"ix":7},"sk":{"a":0,"k":0,"ix":4},"sa":{"a":0,"k":0,"ix":5},"nm":"Transformer "}],"nm":"Groupe 3","np":4,"cix":2,"bm":0,"ix":3,"mn":"ADBE Vector Group","hd":false}],"ip":0,"op":60.0000024438501,"st":0,"bm":0},{"ddd":0,"ind":8,"ty":4,"nm":"contour maps Silhouettes","sr":1,"ks":{"o":{"a":1,"k":[{"i":{"x":[0.833],"y":[0.833]},"o":{"x":[0.167],"y":[0.167]},"t":33,"s":[0]},{"t":42.0000017106951,"s":[100]}],"ix":11},"r":{"a":0,"k":0,"ix":10},"p":{"a":0,"k":[243.859,243.649,0],"ix":2},"a":{"a":0,"k":[191.735,177.235,0],"ix":1},"s":{"a":0,"k":[100,100,100],"ix":6}},"ao":0,"ef":[{"ty":29,"nm":"Flou gaussien","np":5,"mn":"ADBE Gaussian Blur 2","ix":1,"en":1,"ef":[{"ty":0,"nm":"Flou","mn":"ADBE Gaussian Blur 2-0001","ix":1,"v":{"a":0,"k":18.4,"ix":1}},{"ty":7,"nm":"Dimensions de flou","mn":"ADBE Gaussian Blur 2-0002","ix":2,"v":{"a":0,"k":1,"ix":2}},{"ty":7,"nm":"Recopier les pixels du contour","mn":"ADBE Gaussian Blur 2-0003","ix":3,"v":{"a":0,"k":0,"ix":3}}]},{"ty":21,"nm":"Remplir","np":9,"mn":"ADBE Fill","ix":2,"en":1,"ef":[{"ty":10,"nm":"Remplir le masque","mn":"ADBE Fill-0001","ix":1,"v":{"a":0,"k":0,"ix":1}},{"ty":7,"nm":"Tous les masques","mn":"ADBE Fill-0007","ix":2,"v":{"a":0,"k":0,"ix":2}},{"ty":2,"nm":"Couleur","mn":"ADBE Fill-0002","ix":3,"v":{"a":0,"k":[0.709803938866,0.709803938866,0.709803938866,1],"ix":3}},{"ty":7,"nm":"Inversion","mn":"ADBE Fill-0006","ix":4,"v":{"a":0,"k":0,"ix":4}},{"ty":0,"nm":"Contour progressif horizontal","mn":"ADBE Fill-0003","ix":5,"v":{"a":0,"k":0,"ix":5}},{"ty":0,"nm":"Contour progressif vertical","mn":"ADBE Fill-0004","ix":6,"v":{"a":0,"k":0,"ix":6}},{"ty":0,"nm":"Opacité ","mn":"ADBE Fill-0005","ix":7,"v":{"a":0,"k":1,"ix":7}}]}],"shapes":[{"ty":"gr","it":[{"ind":0,"ty":"sh","ix":1,"ks":{"a":0,"k":{"i":[[-9.399,3.11],[0,0],[43.34,-16.59],[41,7],[21.07,-4.509],[17.94,-3.88],[4.31,-0.94],[0,0],[-5.3,1.18],[-11.52,2.57],[-26.5,5.91],[-40.99,-9.67],[-33.94,11.23]],"o":[[0,0],[-43.34,16.591],[-40.99,-7.01],[-21.06,4.58],[-17.95,3.841],[-4.31,0.93],[0,0],[5.3,-1.18],[11.52,-2.57],[26.5,-5.92],[41,9.67],[33.94,-11.23],[9.4,-3.11]],"v":[[191.485,-176.985],[191.485,119.994],[61.475,169.775],[-61.515,149.025],[-124.715,162.624],[-178.555,174.185],[-191.485,176.985],[-191.485,-133.955],[-175.575,-137.505],[-141.015,-145.225],[-61.515,-162.975],[61.475,-133.975],[163.285,-167.655]],"c":true},"ix":2},"nm":"Tracé 1","mn":"ADBE Vector Shape - Group","hd":false},{"ty":"fl","c":{"a":0,"k":[1,1,1,1],"ix":4},"o":{"a":0,"k":100,"ix":5},"r":1,"bm":0,"nm":"Fond 1","mn":"ADBE Vector Graphic - Fill","hd":false},{"ty":"tr","p":{"a":0,"k":[191.735,177.235],"ix":2},"a":{"a":0,"k":[0,0],"ix":1},"s":{"a":0,"k":[100,100],"ix":3},"r":{"a":0,"k":0,"ix":6},"o":{"a":0,"k":100,"ix":7},"sk":{"a":0,"k":0,"ix":4},"sa":{"a":0,"k":0,"ix":5},"nm":"Transformer "}],"nm":"Groupe 1","np":4,"cix":2,"bm":0,"ix":1,"mn":"ADBE Vector Group","hd":false}],"ip":0,"op":60.0000024438501,"st":0,"bm":0}],"markers":[]}