{"v":"5.5.7","meta":{"g":"LottieFiles AE 0.1.20","a":"","k":"","d":"","tc":"#FFFFFF"},"fr":24,"ip":0,"op":120,"w":1000,"h":1000,"nm":"offer","ddd":0,"assets":[{"id":"comp_0","layers":[{"ddd":0,"ind":1,"ty":4,"nm":"offerIcon Outlines","sr":1,"ks":{"o":{"a":0,"k":100,"ix":11},"r":{"a":0,"k":0,"ix":10},"p":{"a":1,"k":[{"i":{"x":0.833,"y":0.833},"o":{"x":0.167,"y":0.167},"t":0,"s":[500,500,0],"to":[0.5,-0.5,0],"ti":[0,0,0]},{"i":{"x":0.833,"y":0.833},"o":{"x":0.167,"y":0.167},"t":19,"s":[503,497,0],"to":[0,0,0],"ti":[0.5,-0.5,0]},{"i":{"x":0.833,"y":0.833},"o":{"x":0.167,"y":0.167},"t":38,"s":[500,500,0],"to":[0,0,0],"ti":[0,0,0]},{"i":{"x":0.833,"y":0.833},"o":{"x":0.167,"y":0.167},"t":55,"s":[500,500,0],"to":[0.5,-0.667,0],"ti":[0,0,0]},{"i":{"x":0.833,"y":0.833},"o":{"x":0.167,"y":0.167},"t":75,"s":[503,496,0],"to":[0,0,0],"ti":[0.5,-0.667,0]},{"i":{"x":0.833,"y":0.833},"o":{"x":0.167,"y":0.167},"t":94,"s":[500,500,0],"to":[0,0,0],"ti":[0,0,0]},{"t":118,"s":[500,500,0]}],"ix":2},"a":{"a":0,"k":[285,280,0],"ix":1},"s":{"a":0,"k":[100,100,100],"ix":6}},"ao":0,"shapes":[{"ty":"gr","it":[{"ind":0,"ty":"sh","ix":1,"ks":{"a":0,"k":{"i":[[4.992,0],[2.816,2.017],[-5.152,7.2],[0,0],[-7.2,-5.152],[5.12,-7.168],[0,0]],"o":[[-3.232,0],[-7.2,-5.151],[0,0],[5.152,-7.2],[7.2,5.12],[0,0],[-3.168,4.384]],"v":[[-80.016,129.088],[-89.296,126.111],[-93.008,103.776],[66.992,-120.224],[89.328,-123.936],[93.04,-101.632],[-66.96,122.368]],"c":true},"ix":2},"nm":"Path 1","mn":"ADBE Vector Shape - Group","hd":false},{"ty":"fl","c":{"a":0,"k":[0.980000035903,0.980000035903,0.980000035903,1],"ix":4},"o":{"a":0,"k":100,"ix":5},"r":1,"bm":0,"nm":"Fill 1","mn":"ADBE Vector Graphic - Fill","hd":false},{"ty":"tr","p":{"a":0,"k":[285.003,283.912],"ix":2},"a":{"a":0,"k":[0,0],"ix":1},"s":{"a":0,"k":[100,100],"ix":3},"r":{"a":0,"k":0,"ix":6},"o":{"a":0,"k":100,"ix":7},"sk":{"a":0,"k":0,"ix":4},"sa":{"a":0,"k":0,"ix":5},"nm":"Transform"}],"nm":"Group 1","np":2,"cix":2,"bm":0,"ix":1,"mn":"ADBE Vector Group","hd":false},{"ty":"gr","it":[{"ind":0,"ty":"sh","ix":1,"ks":{"a":0,"k":{"i":[[8.8,0],[0,-8.8],[-8.801,0],[0,8.8]],"o":[[-8.801,0],[0,8.8],[8.8,0],[0,-8.8]],"v":[[0,-16],[-16,0],[0,16],[16,0]],"c":true},"ix":2},"nm":"Path 1","mn":"ADBE Vector Shape - Group","hd":false},{"ind":1,"ty":"sh","ix":2,"ks":{"a":0,"k":{"i":[[26.464,0],[0,26.464],[-26.465,0],[0,-26.464]],"o":[[-26.465,0],[0,-26.464],[26.464,0],[0,26.464]],"v":[[0,48],[-48,0],[0,-48],[48,0]],"c":true},"ix":2},"nm":"Path 2","mn":"ADBE Vector Shape - Group","hd":false},{"ty":"mm","mm":1,"nm":"Merge Paths 1","mn":"ADBE Vector Filter - Merge","hd":false},{"ty":"fl","c":{"a":0,"k":[0.980000035903,0.980000035903,0.980000035903,1],"ix":4},"o":{"a":0,"k":100,"ix":5},"r":1,"bm":0,"nm":"Fill 1","mn":"ADBE Vector Graphic - Fill","hd":false},{"ty":"tr","p":{"a":0,"k":[332.987,365],"ix":2},"a":{"a":0,"k":[0,0],"ix":1},"s":{"a":0,"k":[100,100],"ix":3},"r":{"a":0,"k":0,"ix":6},"o":{"a":0,"k":100,"ix":7},"sk":{"a":0,"k":0,"ix":4},"sa":{"a":0,"k":0,"ix":5},"nm":"Transform"}],"nm":"Group 2","np":4,"cix":2,"bm":0,"ix":2,"mn":"ADBE Vector Group","hd":false},{"ty":"gr","it":[{"ind":0,"ty":"sh","ix":1,"ks":{"a":0,"k":{"i":[[8.832,0],[0,-8.832],[-8.832,0],[0,8.832]],"o":[[-8.832,0],[0,8.832],[8.832,0],[0,-8.832]],"v":[[0,-16],[-16,0],[0,16],[16,0]],"c":true},"ix":2},"nm":"Path 1","mn":"ADBE Vector Shape - Group","hd":false},{"ind":1,"ty":"sh","ix":2,"ks":{"a":0,"k":{"i":[[26.464,0],[0,26.464],[-26.464,0],[0,-26.464]],"o":[[-26.464,0],[0,-26.464],[26.464,0],[0,26.464]],"v":[[0,48],[-48,0],[0,-48],[48,0]],"c":true},"ix":2},"nm":"Path 2","mn":"ADBE Vector Shape - Group","hd":false},{"ty":"mm","mm":1,"nm":"Merge Paths 1","mn":"ADBE Vector Filter - Merge","hd":false},{"ty":"fl","c":{"a":0,"k":[0.980000035903,0.980000035903,0.980000035903,1],"ix":4},"o":{"a":0,"k":100,"ix":5},"r":1,"bm":0,"nm":"Fill 1","mn":"ADBE Vector Graphic - Fill","hd":false},{"ty":"tr","p":{"a":0,"k":[236.987,205],"ix":2},"a":{"a":0,"k":[0,0],"ix":1},"s":{"a":0,"k":[100,100],"ix":3},"r":{"a":0,"k":0,"ix":6},"o":{"a":0,"k":100,"ix":7},"sk":{"a":0,"k":0,"ix":4},"sa":{"a":0,"k":0,"ix":5},"nm":"Transform"}],"nm":"Group 3","np":4,"cix":2,"bm":0,"ix":3,"mn":"ADBE Vector Group","hd":false}],"ip":0,"op":120,"st":0,"bm":0},{"ddd":0,"ind":2,"ty":4,"nm":"offerBG Outlines","sr":1,"ks":{"o":{"a":0,"k":100,"ix":11},"r":{"a":1,"k":[{"i":{"x":[0.833],"y":[0.833]},"o":{"x":[0.167],"y":[0.167]},"t":0,"s":[0]},{"t":120,"s":[180]}],"ix":10},"p":{"a":0,"k":[500,500,0],"ix":2},"a":{"a":0,"k":[285,285,0],"ix":1},"s":{"a":0,"k":[100,100,100],"ix":6}},"ao":0,"shapes":[{"ty":"gr","it":[{"ind":0,"ty":"sh","ix":1,"ks":{"a":0,"k":{"i":[[0,0],[0,0],[5.408,4.384],[0,0],[0,0],[6.847,1.088],[0,0],[0,0],[6.303,-2.464],[0,0],[0,0],[4.384,-5.376],[0,0],[0,0],[1.088,-6.816],[0,0],[0,0],[-2.464,-6.464],[0,0],[0,0],[-5.376,-4.352],[0,0],[0,0],[-6.848,-1.089],[0,0],[0,0],[-6.464,2.496],[0,0],[0,0],[-1.952,0],[-3.104,3.872],[0,0],[0,0],[-1.088,6.847],[0,0],[0,0],[2.464,6.464]],"o":[[0,0],[2.464,-6.464],[0,0],[0,0],[-1.088,-6.848],[0,0],[0,0],[-4.351,-5.408],[0,0],[0,0],[-6.496,-2.496],[0,0],[0,0],[-6.816,1.088],[0,0],[0,0],[-5.376,4.352],[0,0],[0,0],[-2.496,6.464],[0,0],[0,0],[1.088,6.847],[0,0],[0,0],[4.384,5.44],[0,0],[0,0],[1.856,0.703],[4.704,0],[0,0],[0,0],[6.847,-1.089],[0,0],[0,0],[5.408,-4.384],[0,0]],"v":[[232.496,0.016],[254.96,-58.576],[250.096,-76.752],[201.392,-116.24],[191.536,-178.224],[178.225,-191.504],[116.24,-201.36],[76.784,-250.096],[58.641,-254.96],[0.016,-232.464],[-58.576,-254.928],[-76.72,-250.064],[-116.208,-201.328],[-178.192,-191.472],[-191.472,-178.192],[-201.328,-116.208],[-250.064,-76.72],[-254.928,-58.576],[-232.464,0.016],[-254.928,58.608],[-250.064,76.752],[-201.328,116.207],[-191.472,178.192],[-178.192,191.504],[-116.208,201.36],[-76.72,250.064],[-58.544,254.928],[0.016,232.495],[58.608,254.96],[64.336,256.016],[76.784,250.064],[116.24,201.36],[178.225,191.504],[191.536,178.192],[201.392,116.207],[250.096,76.752],[254.96,58.608]],"c":true},"ix":2},"nm":"Path 1","mn":"ADBE Vector Shape - Group","hd":false},{"ty":"fl","c":{"a":0,"k":[0.067000003889,0.368999974868,0.647000002394,1],"ix":4},"o":{"a":0,"k":100,"ix":5},"r":1,"bm":0,"nm":"Fill 1","mn":"ADBE Vector Graphic - Fill","hd":false},{"ty":"tr","p":{"a":0,"k":[284.971,284.984],"ix":2},"a":{"a":0,"k":[0,0],"ix":1},"s":{"a":0,"k":[100,100],"ix":3},"r":{"a":0,"k":0,"ix":6},"o":{"a":0,"k":100,"ix":7},"sk":{"a":0,"k":0,"ix":4},"sa":{"a":0,"k":0,"ix":5},"nm":"Transform"}],"nm":"Group 1","np":2,"cix":2,"bm":0,"ix":1,"mn":"ADBE Vector Group","hd":false}],"ip":0,"op":120,"st":0,"bm":0}]}],"layers":[{"ddd":0,"ind":1,"ty":0,"nm":"base","td":1,"refId":"comp_0","sr":1,"ks":{"o":{"a":0,"k":100,"ix":11},"r":{"a":0,"k":0,"ix":10},"p":{"a":0,"k":[500,500,0],"ix":2},"a":{"a":0,"k":[500,500,0],"ix":1},"s":{"a":0,"k":[100,100,100],"ix":6}},"ao":0,"w":1000,"h":1000,"ip":0,"op":120,"st":0,"bm":0},{"ddd":0,"ind":2,"ty":4,"nm":"Shape Layer 1","tt":1,"sr":1,"ks":{"o":{"a":1,"k":[{"i":{"x":[0.833],"y":[0.833]},"o":{"x":[0.167],"y":[0.167]},"t":0,"s":[5]},{"i":{"x":[0.833],"y":[0.833]},"o":{"x":[0.167],"y":[0.167]},"t":48,"s":[5]},{"i":{"x":[0.833],"y":[0.833]},"o":{"x":[0.167],"y":[0.167]},"t":49,"s":[0]},{"i":{"x":[0.833],"y":[0.833]},"o":{"x":[0.167],"y":[0.167]},"t":72,"s":[0]},{"t":74,"s":[5]}],"ix":11},"r":{"a":0,"k":0,"ix":10},"p":{"a":1,"k":[{"i":{"x":0.833,"y":0.833},"o":{"x":0.167,"y":0.167},"t":0,"s":[465.027,443.822,0],"to":[-93.667,58,0],"ti":[0,0,0]},{"i":{"x":0.833,"y":0.833},"o":{"x":0.167,"y":0.167},"t":48,"s":[-96.973,791.822,0],"to":[0,0,0],"ti":[0,0,0]},{"i":{"x":0.833,"y":0.833},"o":{"x":0.167,"y":0.167},"t":70,"s":[465.027,443.822,0],"to":[0,0,0],"ti":[93.667,-58,0]},{"t":108,"s":[-96.973,791.822,0]}],"ix":2},"a":{"a":0,"k":[-92.973,31.822,0],"ix":1},"s":{"a":0,"k":[100,100,100],"ix":6}},"ao":0,"shapes":[{"ty":"gr","it":[{"ty":"rc","d":1,"s":{"a":0,"k":[201.053,791.644],"ix":2},"p":{"a":0,"k":[0,0],"ix":3},"r":{"a":0,"k":0,"ix":4},"nm":"Rectangle Path 1","mn":"ADBE Vector Shape - Rect","hd":false},{"ty":"fl","c":{"a":0,"k":[0.760720585842,0.885210583257,1,1],"ix":4},"o":{"a":0,"k":100,"ix":5},"r":1,"bm":0,"nm":"Fill 1","mn":"ADBE Vector Graphic - Fill","hd":false},{"ty":"tr","p":{"a":0,"k":[193.181,-126.898],"ix":2},"a":{"a":0,"k":[0,0],"ix":1},"s":{"a":0,"k":[100,100],"ix":3},"r":{"a":0,"k":-31.187,"ix":6},"o":{"a":0,"k":100,"ix":7},"sk":{"a":0,"k":0,"ix":4},"sa":{"a":0,"k":0,"ix":5},"nm":"Transform"}],"nm":"Rectangle 1","np":3,"cix":2,"bm":0,"ix":1,"mn":"ADBE Vector Group","hd":false}],"ip":0,"op":120,"st":0,"bm":0},{"ddd":0,"ind":3,"ty":0,"nm":"base","refId":"comp_0","sr":1,"ks":{"o":{"a":0,"k":100,"ix":11},"r":{"a":0,"k":0,"ix":10},"p":{"a":0,"k":[500,500,0],"ix":2},"a":{"a":0,"k":[500,500,0],"ix":1},"s":{"a":0,"k":[100,100,100],"ix":6}},"ao":0,"w":1000,"h":1000,"ip":0,"op":120,"st":0,"bm":0}],"markers":[]}