{"v":"4.8.0","meta":{"g":"LottieFiles AE ","a":"","k":"","d":"","tc":""},"fr":60,"ip":0,"op":175,"w":1100,"h":1100,"nm":"medal","ddd":0,"assets":[],"layers":[{"ddd":0,"ind":1,"ty":4,"nm":"spark_10","sr":1,"ks":{"o":{"a":0,"k":100,"ix":11},"r":{"a":0,"k":0,"ix":10},"p":{"a":0,"k":[264.48,441.36,0],"ix":2},"a":{"a":0,"k":[-318,-76,0],"ix":1},"s":{"a":1,"k":[{"i":{"x":[0.833,0.833,0.833],"y":[0.833,0.833,0.833]},"o":{"x":[0.167,0.167,0.167],"y":[0.167,0.167,0.167]},"t":82,"s":[0,0,100]},{"i":{"x":[0.833,0.833,0.833],"y":[0.833,0.833,0.833]},"o":{"x":[0.167,0.167,0.167],"y":[0.167,0.167,0.167]},"t":110,"s":[69,69,100]},{"t":124,"s":[0,0,100]}],"ix":6}},"ao":0,"shapes":[{"ty":"gr","it":[{"ty":"sr","sy":1,"d":1,"pt":{"a":0,"k":4,"ix":3},"p":{"a":0,"k":[0,0],"ix":4},"r":{"a":0,"k":176.269,"ix":5},"ir":{"a":0,"k":34.098,"ix":6},"is":{"a":0,"k":0,"ix":8},"or":{"a":0,"k":92.195,"ix":7},"os":{"a":0,"k":0,"ix":9},"ix":1,"nm":"Polystar Path 1","mn":"ADBE Vector Shape - Star","hd":false},{"ty":"fl","c":{"a":0,"k":[1,1,1,1],"ix":4},"o":{"a":0,"k":100,"ix":5},"r":1,"bm":0,"nm":"Fill 1","mn":"ADBE Vector Graphic - Fill","hd":false},{"ty":"tr","p":{"a":0,"k":[-318,-76],"ix":2},"a":{"a":0,"k":[0,0],"ix":1},"s":{"a":0,"k":[100,138.636],"ix":3},"r":{"a":0,"k":0,"ix":6},"o":{"a":0,"k":100,"ix":7},"sk":{"a":0,"k":0,"ix":4},"sa":{"a":0,"k":0,"ix":5},"nm":"Transform"}],"nm":"Polystar 1","np":3,"cix":2,"bm":0,"ix":1,"mn":"ADBE Vector Group","hd":false}],"ip":82,"op":124,"st":-235,"bm":0},{"ddd":0,"ind":2,"ty":4,"nm":"spark_9","sr":1,"ks":{"o":{"a":0,"k":100,"ix":11},"r":{"a":0,"k":11,"ix":10},"p":{"a":0,"k":[778.48,823.36,0],"ix":2},"a":{"a":0,"k":[-318,-76,0],"ix":1},"s":{"a":1,"k":[{"i":{"x":[0.833,0.833,0.833],"y":[0.833,0.833,0.833]},"o":{"x":[0.167,0.167,0.167],"y":[0.167,0.167,0.167]},"t":65,"s":[0,0,100]},{"i":{"x":[0.833,0.833,0.833],"y":[0.833,0.833,0.833]},"o":{"x":[0.167,0.167,0.167],"y":[0.167,0.167,0.167]},"t":93,"s":[69,69,100]},{"t":107,"s":[0,0,100]}],"ix":6}},"ao":0,"shapes":[{"ty":"gr","it":[{"ty":"sr","sy":1,"d":1,"pt":{"a":0,"k":4,"ix":3},"p":{"a":0,"k":[0,0],"ix":4},"r":{"a":0,"k":176.269,"ix":5},"ir":{"a":0,"k":34.098,"ix":6},"is":{"a":0,"k":0,"ix":8},"or":{"a":0,"k":92.195,"ix":7},"os":{"a":0,"k":0,"ix":9},"ix":1,"nm":"Polystar Path 1","mn":"ADBE Vector Shape - Star","hd":false},{"ty":"fl","c":{"a":0,"k":[1,1,1,1],"ix":4},"o":{"a":0,"k":100,"ix":5},"r":1,"bm":0,"nm":"Fill 1","mn":"ADBE Vector Graphic - Fill","hd":false},{"ty":"tr","p":{"a":0,"k":[-318,-76],"ix":2},"a":{"a":0,"k":[0,0],"ix":1},"s":{"a":0,"k":[100,138.636],"ix":3},"r":{"a":0,"k":0,"ix":6},"o":{"a":0,"k":100,"ix":7},"sk":{"a":0,"k":0,"ix":4},"sa":{"a":0,"k":0,"ix":5},"nm":"Transform"}],"nm":"Polystar 1","np":3,"cix":2,"bm":0,"ix":1,"mn":"ADBE Vector Group","hd":false}],"ip":65,"op":107,"st":-252,"bm":0},{"ddd":0,"ind":3,"ty":4,"nm":"spark_8","sr":1,"ks":{"o":{"a":0,"k":100,"ix":11},"r":{"a":0,"k":11,"ix":10},"p":{"a":0,"k":[778.48,823.36,0],"ix":2},"a":{"a":0,"k":[-318,-76,0],"ix":1},"s":{"a":1,"k":[{"i":{"x":[0.833,0.833,0.833],"y":[0.833,0.833,0.833]},"o":{"x":[0.167,0.167,0.167],"y":[0.167,0.167,0.167]},"t":83,"s":[0,0,100]},{"i":{"x":[0.833,0.833,0.833],"y":[0.833,0.833,0.833]},"o":{"x":[0.167,0.167,0.167],"y":[0.167,0.167,0.167]},"t":111,"s":[69,69,100]},{"t":125,"s":[0,0,100]}],"ix":6}},"ao":0,"shapes":[{"ty":"gr","it":[{"ty":"sr","sy":1,"d":1,"pt":{"a":0,"k":4,"ix":3},"p":{"a":0,"k":[0,0],"ix":4},"r":{"a":0,"k":176.269,"ix":5},"ir":{"a":0,"k":34.098,"ix":6},"is":{"a":0,"k":0,"ix":8},"or":{"a":0,"k":92.195,"ix":7},"os":{"a":0,"k":0,"ix":9},"ix":1,"nm":"Polystar Path 1","mn":"ADBE Vector Shape - Star","hd":false},{"ty":"fl","c":{"a":0,"k":[1,1,1,1],"ix":4},"o":{"a":0,"k":100,"ix":5},"r":1,"bm":0,"nm":"Fill 1","mn":"ADBE Vector Graphic - Fill","hd":false},{"ty":"tr","p":{"a":0,"k":[-318,-76],"ix":2},"a":{"a":0,"k":[0,0],"ix":1},"s":{"a":0,"k":[100,138.636],"ix":3},"r":{"a":0,"k":0,"ix":6},"o":{"a":0,"k":100,"ix":7},"sk":{"a":0,"k":0,"ix":4},"sa":{"a":0,"k":0,"ix":5},"nm":"Transform"}],"nm":"Polystar 1","np":3,"cix":2,"bm":0,"ix":1,"mn":"ADBE Vector Group","hd":false}],"ip":83,"op":125,"st":-234,"bm":0},{"ddd":0,"ind":4,"ty":4,"nm":"spark_7","sr":1,"ks":{"o":{"a":0,"k":100,"ix":11},"r":{"a":0,"k":0,"ix":10},"p":{"a":0,"k":[260.48,813.36,0],"ix":2},"a":{"a":0,"k":[-318,-76,0],"ix":1},"s":{"a":1,"k":[{"i":{"x":[0.833,0.833,0.833],"y":[0.833,0.833,0.833]},"o":{"x":[0.167,0.167,0.167],"y":[0.167,0.167,0.167]},"t":100,"s":[0,0,100]},{"i":{"x":[0.833,0.833,0.833],"y":[0.833,0.833,0.833]},"o":{"x":[0.167,0.167,0.167],"y":[0.167,0.167,0.167]},"t":128,"s":[69,69,100]},{"t":142,"s":[0,0,100]}],"ix":6}},"ao":0,"shapes":[{"ty":"gr","it":[{"ty":"sr","sy":1,"d":1,"pt":{"a":0,"k":4,"ix":3},"p":{"a":0,"k":[0,0],"ix":4},"r":{"a":0,"k":176.269,"ix":5},"ir":{"a":0,"k":34.098,"ix":6},"is":{"a":0,"k":0,"ix":8},"or":{"a":0,"k":92.195,"ix":7},"os":{"a":0,"k":0,"ix":9},"ix":1,"nm":"Polystar Path 1","mn":"ADBE Vector Shape - Star","hd":false},{"ty":"fl","c":{"a":0,"k":[1,1,1,1],"ix":4},"o":{"a":0,"k":100,"ix":5},"r":1,"bm":0,"nm":"Fill 1","mn":"ADBE Vector Graphic - Fill","hd":false},{"ty":"tr","p":{"a":0,"k":[-318,-76],"ix":2},"a":{"a":0,"k":[0,0],"ix":1},"s":{"a":0,"k":[100,138.636],"ix":3},"r":{"a":0,"k":0,"ix":6},"o":{"a":0,"k":100,"ix":7},"sk":{"a":0,"k":0,"ix":4},"sa":{"a":0,"k":0,"ix":5},"nm":"Transform"}],"nm":"Polystar 1","np":3,"cix":2,"bm":0,"ix":1,"mn":"ADBE Vector Group","hd":false}],"ip":100,"op":142,"st":-217,"bm":0},{"ddd":0,"ind":5,"ty":4,"nm":"spark_6","sr":1,"ks":{"o":{"a":0,"k":100,"ix":11},"r":{"a":0,"k":0,"ix":10},"p":{"a":0,"k":[824.48,291.36,0],"ix":2},"a":{"a":0,"k":[-318,-76,0],"ix":1},"s":{"a":1,"k":[{"i":{"x":[0.833,0.833,0.833],"y":[0.833,0.833,0.833]},"o":{"x":[0.167,0.167,0.167],"y":[0.167,0.167,0.167]},"t":107,"s":[0,0,100]},{"i":{"x":[0.833,0.833,0.833],"y":[0.833,0.833,0.833]},"o":{"x":[0.167,0.167,0.167],"y":[0.167,0.167,0.167]},"t":135,"s":[69,69,100]},{"t":149,"s":[0,0,100]}],"ix":6}},"ao":0,"shapes":[{"ty":"gr","it":[{"ty":"sr","sy":1,"d":1,"pt":{"a":0,"k":4,"ix":3},"p":{"a":0,"k":[0,0],"ix":4},"r":{"a":0,"k":176.269,"ix":5},"ir":{"a":0,"k":34.098,"ix":6},"is":{"a":0,"k":0,"ix":8},"or":{"a":0,"k":92.195,"ix":7},"os":{"a":0,"k":0,"ix":9},"ix":1,"nm":"Polystar Path 1","mn":"ADBE Vector Shape - Star","hd":false},{"ty":"fl","c":{"a":0,"k":[1,1,1,1],"ix":4},"o":{"a":0,"k":100,"ix":5},"r":1,"bm":0,"nm":"Fill 1","mn":"ADBE Vector Graphic - Fill","hd":false},{"ty":"tr","p":{"a":0,"k":[-318,-76],"ix":2},"a":{"a":0,"k":[0,0],"ix":1},"s":{"a":0,"k":[100,138.636],"ix":3},"r":{"a":0,"k":0,"ix":6},"o":{"a":0,"k":100,"ix":7},"sk":{"a":0,"k":0,"ix":4},"sa":{"a":0,"k":0,"ix":5},"nm":"Transform"}],"nm":"Polystar 1","np":3,"cix":2,"bm":0,"ix":1,"mn":"ADBE Vector Group","hd":false}],"ip":107,"op":149,"st":-210,"bm":0},{"ddd":0,"ind":6,"ty":4,"nm":"spark_1","sr":1,"ks":{"o":{"a":0,"k":100,"ix":11},"r":{"a":0,"k":0,"ix":10},"p":{"a":0,"k":[264.48,441.36,0],"ix":2},"a":{"a":0,"k":[-318,-76,0],"ix":1},"s":{"a":1,"k":[{"i":{"x":[0.833,0.833,0.833],"y":[0.833,0.833,0.833]},"o":{"x":[0.167,0.167,0.167],"y":[0.167,0.167,0.167]},"t":25,"s":[0,0,100]},{"i":{"x":[0.833,0.833,0.833],"y":[0.833,0.833,0.833]},"o":{"x":[0.167,0.167,0.167],"y":[0.167,0.167,0.167]},"t":53,"s":[69,69,100]},{"t":67,"s":[0,0,100]}],"ix":6}},"ao":0,"shapes":[{"ty":"gr","it":[{"ty":"sr","sy":1,"d":1,"pt":{"a":0,"k":4,"ix":3},"p":{"a":0,"k":[0,0],"ix":4},"r":{"a":0,"k":176.269,"ix":5},"ir":{"a":0,"k":34.098,"ix":6},"is":{"a":0,"k":0,"ix":8},"or":{"a":0,"k":92.195,"ix":7},"os":{"a":0,"k":0,"ix":9},"ix":1,"nm":"Polystar Path 1","mn":"ADBE Vector Shape - Star","hd":false},{"ty":"fl","c":{"a":0,"k":[1,1,1,1],"ix":4},"o":{"a":0,"k":100,"ix":5},"r":1,"bm":0,"nm":"Fill 1","mn":"ADBE Vector Graphic - Fill","hd":false},{"ty":"tr","p":{"a":0,"k":[-318,-76],"ix":2},"a":{"a":0,"k":[0,0],"ix":1},"s":{"a":0,"k":[100,138.636],"ix":3},"r":{"a":0,"k":0,"ix":6},"o":{"a":0,"k":100,"ix":7},"sk":{"a":0,"k":0,"ix":4},"sa":{"a":0,"k":0,"ix":5},"nm":"Transform"}],"nm":"Polystar 1","np":3,"cix":2,"bm":0,"ix":1,"mn":"ADBE Vector Group","hd":false}],"ip":25,"op":67,"st":-292,"bm":0},{"ddd":0,"ind":7,"ty":4,"nm":"spark_2","sr":1,"ks":{"o":{"a":0,"k":100,"ix":11},"r":{"a":0,"k":11,"ix":10},"p":{"a":0,"k":[778.48,823.36,0],"ix":2},"a":{"a":0,"k":[-318,-76,0],"ix":1},"s":{"a":1,"k":[{"i":{"x":[0.833,0.833,0.833],"y":[0.833,0.833,0.833]},"o":{"x":[0.167,0.167,0.167],"y":[0.167,0.167,0.167]},"t":8,"s":[0,0,100]},{"i":{"x":[0.833,0.833,0.833],"y":[0.833,0.833,0.833]},"o":{"x":[0.167,0.167,0.167],"y":[0.167,0.167,0.167]},"t":36,"s":[69,69,100]},{"t":50,"s":[0,0,100]}],"ix":6}},"ao":0,"shapes":[{"ty":"gr","it":[{"ty":"sr","sy":1,"d":1,"pt":{"a":0,"k":4,"ix":3},"p":{"a":0,"k":[0,0],"ix":4},"r":{"a":0,"k":176.269,"ix":5},"ir":{"a":0,"k":34.098,"ix":6},"is":{"a":0,"k":0,"ix":8},"or":{"a":0,"k":92.195,"ix":7},"os":{"a":0,"k":0,"ix":9},"ix":1,"nm":"Polystar Path 1","mn":"ADBE Vector Shape - Star","hd":false},{"ty":"fl","c":{"a":0,"k":[1,1,1,1],"ix":4},"o":{"a":0,"k":100,"ix":5},"r":1,"bm":0,"nm":"Fill 1","mn":"ADBE Vector Graphic - Fill","hd":false},{"ty":"tr","p":{"a":0,"k":[-318,-76],"ix":2},"a":{"a":0,"k":[0,0],"ix":1},"s":{"a":0,"k":[100,138.636],"ix":3},"r":{"a":0,"k":0,"ix":6},"o":{"a":0,"k":100,"ix":7},"sk":{"a":0,"k":0,"ix":4},"sa":{"a":0,"k":0,"ix":5},"nm":"Transform"}],"nm":"Polystar 1","np":3,"cix":2,"bm":0,"ix":1,"mn":"ADBE Vector Group","hd":false}],"ip":8,"op":50,"st":-309,"bm":0},{"ddd":0,"ind":8,"ty":4,"nm":"spark_3","sr":1,"ks":{"o":{"a":0,"k":100,"ix":11},"r":{"a":0,"k":11,"ix":10},"p":{"a":0,"k":[778.48,823.36,0],"ix":2},"a":{"a":0,"k":[-318,-76,0],"ix":1},"s":{"a":1,"k":[{"i":{"x":[0.833,0.833,0.833],"y":[0.833,0.833,0.833]},"o":{"x":[0.167,0.167,0.167],"y":[0.167,0.167,0.167]},"t":26,"s":[0,0,100]},{"i":{"x":[0.833,0.833,0.833],"y":[0.833,0.833,0.833]},"o":{"x":[0.167,0.167,0.167],"y":[0.167,0.167,0.167]},"t":54,"s":[69,69,100]},{"t":68,"s":[0,0,100]}],"ix":6}},"ao":0,"shapes":[{"ty":"gr","it":[{"ty":"sr","sy":1,"d":1,"pt":{"a":0,"k":4,"ix":3},"p":{"a":0,"k":[0,0],"ix":4},"r":{"a":0,"k":176.269,"ix":5},"ir":{"a":0,"k":34.098,"ix":6},"is":{"a":0,"k":0,"ix":8},"or":{"a":0,"k":92.195,"ix":7},"os":{"a":0,"k":0,"ix":9},"ix":1,"nm":"Polystar Path 1","mn":"ADBE Vector Shape - Star","hd":false},{"ty":"fl","c":{"a":0,"k":[1,1,1,1],"ix":4},"o":{"a":0,"k":100,"ix":5},"r":1,"bm":0,"nm":"Fill 1","mn":"ADBE Vector Graphic - Fill","hd":false},{"ty":"tr","p":{"a":0,"k":[-318,-76],"ix":2},"a":{"a":0,"k":[0,0],"ix":1},"s":{"a":0,"k":[100,138.636],"ix":3},"r":{"a":0,"k":0,"ix":6},"o":{"a":0,"k":100,"ix":7},"sk":{"a":0,"k":0,"ix":4},"sa":{"a":0,"k":0,"ix":5},"nm":"Transform"}],"nm":"Polystar 1","np":3,"cix":2,"bm":0,"ix":1,"mn":"ADBE Vector Group","hd":false}],"ip":26,"op":68,"st":-291,"bm":0},{"ddd":0,"ind":9,"ty":4,"nm":"spark_4","sr":1,"ks":{"o":{"a":0,"k":100,"ix":11},"r":{"a":0,"k":0,"ix":10},"p":{"a":0,"k":[260.48,813.36,0],"ix":2},"a":{"a":0,"k":[-318,-76,0],"ix":1},"s":{"a":1,"k":[{"i":{"x":[0.833,0.833,0.833],"y":[0.833,0.833,0.833]},"o":{"x":[0.167,0.167,0.167],"y":[0.167,0.167,0.167]},"t":43,"s":[0,0,100]},{"i":{"x":[0.833,0.833,0.833],"y":[0.833,0.833,0.833]},"o":{"x":[0.167,0.167,0.167],"y":[0.167,0.167,0.167]},"t":71,"s":[69,69,100]},{"t":85,"s":[0,0,100]}],"ix":6}},"ao":0,"shapes":[{"ty":"gr","it":[{"ty":"sr","sy":1,"d":1,"pt":{"a":0,"k":4,"ix":3},"p":{"a":0,"k":[0,0],"ix":4},"r":{"a":0,"k":176.269,"ix":5},"ir":{"a":0,"k":34.098,"ix":6},"is":{"a":0,"k":0,"ix":8},"or":{"a":0,"k":92.195,"ix":7},"os":{"a":0,"k":0,"ix":9},"ix":1,"nm":"Polystar Path 1","mn":"ADBE Vector Shape - Star","hd":false},{"ty":"fl","c":{"a":0,"k":[1,1,1,1],"ix":4},"o":{"a":0,"k":100,"ix":5},"r":1,"bm":0,"nm":"Fill 1","mn":"ADBE Vector Graphic - Fill","hd":false},{"ty":"tr","p":{"a":0,"k":[-318,-76],"ix":2},"a":{"a":0,"k":[0,0],"ix":1},"s":{"a":0,"k":[100,138.636],"ix":3},"r":{"a":0,"k":0,"ix":6},"o":{"a":0,"k":100,"ix":7},"sk":{"a":0,"k":0,"ix":4},"sa":{"a":0,"k":0,"ix":5},"nm":"Transform"}],"nm":"Polystar 1","np":3,"cix":2,"bm":0,"ix":1,"mn":"ADBE Vector Group","hd":false}],"ip":43,"op":85,"st":-274,"bm":0},{"ddd":0,"ind":10,"ty":4,"nm":"spark_5","sr":1,"ks":{"o":{"a":0,"k":100,"ix":11},"r":{"a":0,"k":0,"ix":10},"p":{"a":0,"k":[824.48,291.36,0],"ix":2},"a":{"a":0,"k":[-318,-76,0],"ix":1},"s":{"a":1,"k":[{"i":{"x":[0.833,0.833,0.833],"y":[0.833,0.833,0.833]},"o":{"x":[0.167,0.167,0.167],"y":[0.167,0.167,0.167]},"t":50,"s":[0,0,100]},{"i":{"x":[0.833,0.833,0.833],"y":[0.833,0.833,0.833]},"o":{"x":[0.167,0.167,0.167],"y":[0.167,0.167,0.167]},"t":78,"s":[69,69,100]},{"t":92,"s":[0,0,100]}],"ix":6}},"ao":0,"shapes":[{"ty":"gr","it":[{"ty":"sr","sy":1,"d":1,"pt":{"a":0,"k":4,"ix":3},"p":{"a":0,"k":[0,0],"ix":4},"r":{"a":0,"k":176.269,"ix":5},"ir":{"a":0,"k":34.098,"ix":6},"is":{"a":0,"k":0,"ix":8},"or":{"a":0,"k":92.195,"ix":7},"os":{"a":0,"k":0,"ix":9},"ix":1,"nm":"Polystar Path 1","mn":"ADBE Vector Shape - Star","hd":false},{"ty":"fl","c":{"a":0,"k":[1,1,1,1],"ix":4},"o":{"a":0,"k":100,"ix":5},"r":1,"bm":0,"nm":"Fill 1","mn":"ADBE Vector Graphic - Fill","hd":false},{"ty":"tr","p":{"a":0,"k":[-318,-76],"ix":2},"a":{"a":0,"k":[0,0],"ix":1},"s":{"a":0,"k":[100,138.636],"ix":3},"r":{"a":0,"k":0,"ix":6},"o":{"a":0,"k":100,"ix":7},"sk":{"a":0,"k":0,"ix":4},"sa":{"a":0,"k":0,"ix":5},"nm":"Transform"}],"nm":"Polystar 1","np":3,"cix":2,"bm":0,"ix":1,"mn":"ADBE Vector Group","hd":false}],"ip":50,"op":92,"st":-267,"bm":0},{"ddd":0,"ind":12,"ty":4,"nm":"Layer 7 :M 3","parent":15,"td":1,"sr":1,"ks":{"o":{"a":0,"k":100,"ix":11},"r":{"a":0,"k":0,"ix":10},"p":{"a":0,"k":[550.181,737.663,0],"ix":2},"a":{"a":0,"k":[552.823,737.243,0],"ix":1},"s":{"a":0,"k":[100,100,100],"ix":6}},"ao":0,"shapes":[{"ty":"gr","it":[{"ty":"gr","it":[{"ty":"gr","it":[{"ind":0,"ty":"sh","ix":1,"ks":{"a":0,"k":{"i":[[-4.258,-7.194],[0,0],[0,0],[5.526,-6.272],[0,0],[0,0],[7.673,3.318],[0,0],[0,0],[-0.784,8.323],[0,0],[0,0],[-8.158,1.826],[0,0],[0,0]],"o":[[0,0],[0,0],[8.158,1.826],[0,0],[0,0],[0.784,8.323],[0,0],[0,0],[-7.673,3.318],[0,0],[0,0],[-5.526,-6.272],[0,0],[0,0],[4.258,-7.194]],"v":[[9.463,-91.469],[38.001,-43.248],[92.682,-31.007],[98.53,-13.008],[61.488,29.035],[66.743,84.822],[51.432,95.946],[0,73.709],[-51.432,95.946],[-66.743,84.822],[-61.488,29.035],[-98.53,-13.008],[-92.682,-31.007],[-38.001,-43.248],[-9.463,-91.469]],"c":true},"ix":2},"nm":"Path 1","mn":"ADBE Vector Shape - Group","hd":false},{"ty":"st","c":{"a":0,"k":[0,0,0,1],"ix":3},"o":{"a":0,"k":100,"ix":4},"w":{"a":0,"k":3,"ix":5},"lc":1,"lj":1,"ml":10,"bm":0,"nm":"Stroke 1","mn":"ADBE Vector Graphic - Stroke","hd":false},{"ty":"fl","c":{"a":0,"k":[1,1,0,1],"ix":4},"o":{"a":0,"k":100,"ix":5},"r":1,"bm":0,"nm":"Fill 1","mn":"ADBE Vector Graphic - Fill","hd":false},{"ty":"tr","p":{"a":0,"k":[0,0],"ix":2},"a":{"a":0,"k":[0,0],"ix":1},"s":{"a":0,"k":[100,100],"ix":3},"r":{"a":0,"k":0,"ix":6},"o":{"a":0,"k":100,"ix":7},"sk":{"a":0,"k":0,"ix":4},"sa":{"a":0,"k":0,"ix":5},"nm":"Transform"}],"nm":"Group 1","np":3,"cix":2,"bm":0,"ix":1,"mn":"ADBE Vector Group","hd":false},{"ty":"tr","p":{"a":0,"k":[550.5,728.443],"ix":2},"a":{"a":0,"k":[0,0],"ix":1},"s":{"a":0,"k":[100,100],"ix":3},"r":{"a":0,"k":0,"ix":6},"o":{"a":0,"k":100,"ix":7},"sk":{"a":0,"k":0,"ix":4},"sa":{"a":0,"k":0,"ix":5},"nm":"Transform"}],"nm":"Layer 7","np":1,"cix":2,"bm":0,"ix":1,"mn":"ADBE Vector Group","hd":false},{"ty":"tr","p":{"a":0,"k":[553.143,728.023],"ix":2},"a":{"a":0,"k":[550.5,728.443],"ix":1},"s":{"a":0,"k":[100,100],"ix":3},"r":{"a":0,"k":0,"ix":6},"o":{"a":0,"k":100,"ix":7},"sk":{"a":0,"k":0,"ix":4},"sa":{"a":0,"k":0,"ix":5},"nm":"Transform"}],"nm":"Layer 7","np":1,"cix":2,"bm":0,"ix":1,"mn":"ADBE Vector Group","hd":false},{"ty":"gr","it":[{"ty":"gr","it":[{"ty":"gr","it":[{"ind":0,"ty":"sh","ix":1,"ks":{"a":0,"k":{"i":[[39.621,0],[9.867,1.735],[-16.305,92.751],[-31.015,25.785],[-39.622,0],[-9.867,-1.734],[-26.186,-37.355],[7.899,-44.93],[31.015,-25.784]],"o":[[-9.916,0],[-92.751,-16.305],[6.996,-39.797],[30.681,-25.507],[9.917,0],[44.93,7.898],[26.185,37.356],[-6.996,39.797],[-30.681,25.508]],"v":[[0.231,170.823],[-29.583,168.209],[-168.223,-29.57],[-109.278,-131.269],[-0.258,-170.823],[29.556,-168.209],[139.837,-98.033],[168.195,29.57],[109.251,131.269]],"c":true},"ix":2},"nm":"Path 1","mn":"ADBE Vector Shape - Group","hd":false},{"ty":"st","c":{"a":0,"k":[0,0,0,1],"ix":3},"o":{"a":0,"k":100,"ix":4},"w":{"a":0,"k":3,"ix":5},"lc":1,"lj":1,"ml":10,"bm":0,"nm":"Stroke 1","mn":"ADBE Vector Graphic - Stroke","hd":false},{"ty":"fl","c":{"a":0,"k":[1,0.737254917622,0,1],"ix":4},"o":{"a":0,"k":100,"ix":5},"r":1,"bm":0,"nm":"Fill 1","mn":"ADBE Vector Graphic - Fill","hd":false},{"ty":"tr","p":{"a":0,"k":[0,0],"ix":2},"a":{"a":0,"k":[0,0],"ix":1},"s":{"a":0,"k":[100,100],"ix":3},"r":{"a":0,"k":0,"ix":6},"o":{"a":0,"k":100,"ix":7},"sk":{"a":0,"k":0,"ix":4},"sa":{"a":0,"k":0,"ix":5},"nm":"Transform"}],"nm":"Group 1","np":3,"cix":2,"bm":0,"ix":1,"mn":"ADBE Vector Group","hd":false},{"ty":"tr","p":{"a":0,"k":[550.181,737.663],"ix":2},"a":{"a":0,"k":[0,0],"ix":1},"s":{"a":0,"k":[100,100],"ix":3},"r":{"a":0,"k":0,"ix":6},"o":{"a":0,"k":100,"ix":7},"sk":{"a":0,"k":0,"ix":4},"sa":{"a":0,"k":0,"ix":5},"nm":"Transform"}],"nm":"Layer 6","np":1,"cix":2,"bm":0,"ix":1,"mn":"ADBE Vector Group","hd":false},{"ty":"tr","p":{"a":0,"k":[552.823,737.243],"ix":2},"a":{"a":0,"k":[550.181,737.663],"ix":1},"s":{"a":0,"k":[100,100],"ix":3},"r":{"a":0,"k":0,"ix":6},"o":{"a":0,"k":100,"ix":7},"sk":{"a":0,"k":0,"ix":4},"sa":{"a":0,"k":0,"ix":5},"nm":"Transform"}],"nm":"Layer 6","np":1,"cix":2,"bm":0,"ix":2,"mn":"ADBE Vector Group","hd":false}],"ip":-1,"op":419,"st":0,"bm":0},{"ddd":0,"ind":13,"ty":4,"nm":"Shape Layer 1","tt":1,"sr":1,"ks":{"o":{"a":0,"k":100,"ix":11},"r":{"a":0,"k":18,"ix":10},"p":{"a":1,"k":[{"i":{"x":0.667,"y":1},"o":{"x":0.333,"y":0},"t":126,"s":[198,605,0],"to":[125.333,0,0],"ti":[-125.333,0,0]},{"t":151,"s":[950,605,0]}],"ix":2},"a":{"a":0,"k":[-321,45,0],"ix":1},"s":{"a":0,"k":[60,100,100],"ix":6}},"ao":0,"shapes":[{"ty":"gr","it":[{"ty":"rc","d":1,"s":{"a":0,"k":[41.096,776],"ix":2},"p":{"a":0,"k":[0,0],"ix":3},"r":{"a":0,"k":0,"ix":4},"nm":"Rectangle Path 1","mn":"ADBE Vector Shape - Rect","hd":false},{"ty":"fl","c":{"a":0,"k":[1,1,1,1],"ix":4},"o":{"a":0,"k":100,"ix":5},"r":1,"bm":0,"nm":"Fill 1","mn":"ADBE Vector Graphic - Fill","hd":false},{"ty":"tr","p":{"a":0,"k":[-243.686,162],"ix":2},"a":{"a":0,"k":[0,0],"ix":1},"s":{"a":0,"k":[100,100],"ix":3},"r":{"a":0,"k":0,"ix":6},"o":{"a":0,"k":100,"ix":7},"sk":{"a":0,"k":0,"ix":4},"sa":{"a":0,"k":0,"ix":5},"nm":"Transform"}],"nm":"Rectangle 4","np":3,"cix":2,"bm":0,"ix":1,"mn":"ADBE Vector Group","hd":false},{"ty":"gr","it":[{"ty":"rc","d":1,"s":{"a":0,"k":[19.178,986],"ix":2},"p":{"a":0,"k":[0,0],"ix":3},"r":{"a":0,"k":0,"ix":4},"nm":"Rectangle Path 1","mn":"ADBE Vector Shape - Rect","hd":false},{"ty":"fl","c":{"a":0,"k":[0.959999712776,1,0,1],"ix":4},"o":{"a":0,"k":100,"ix":5},"r":1,"bm":0,"nm":"Fill 1","mn":"ADBE Vector Graphic - Fill","hd":false},{"ty":"tr","p":{"a":0,"k":[-279.303,123],"ix":2},"a":{"a":0,"k":[0,0],"ix":1},"s":{"a":0,"k":[100,100],"ix":3},"r":{"a":0,"k":0,"ix":6},"o":{"a":0,"k":100,"ix":7},"sk":{"a":0,"k":0,"ix":4},"sa":{"a":0,"k":0,"ix":5},"nm":"Transform"}],"nm":"Rectangle 3","np":3,"cix":2,"bm":0,"ix":2,"mn":"ADBE Vector Group","hd":false},{"ty":"gr","it":[{"ty":"rc","d":1,"s":{"a":0,"k":[43.836,914],"ix":2},"p":{"a":0,"k":[0,0],"ix":3},"r":{"a":0,"k":0,"ix":4},"nm":"Rectangle Path 1","mn":"ADBE Vector Shape - Rect","hd":false},{"ty":"fl","c":{"a":0,"k":[1,0.460705895517,0.101176437677,1],"ix":4},"o":{"a":0,"k":100,"ix":5},"r":1,"bm":0,"nm":"Fill 1","mn":"ADBE Vector Graphic - Fill","hd":false},{"ty":"tr","p":{"a":0,"k":[-376.563,133],"ix":2},"a":{"a":0,"k":[0,0],"ix":1},"s":{"a":0,"k":[100,100],"ix":3},"r":{"a":0,"k":0,"ix":6},"o":{"a":0,"k":100,"ix":7},"sk":{"a":0,"k":0,"ix":4},"sa":{"a":0,"k":0,"ix":5},"nm":"Transform"}],"nm":"Rectangle 2","np":3,"cix":2,"bm":0,"ix":3,"mn":"ADBE Vector Group","hd":false},{"ty":"gr","it":[{"ty":"rc","d":1,"s":{"a":0,"k":[90,1074],"ix":2},"p":{"a":0,"k":[0,0],"ix":3},"r":{"a":0,"k":0,"ix":4},"nm":"Rectangle Path 1","mn":"ADBE Vector Shape - Rect","hd":false},{"ty":"fl","c":{"a":0,"k":[1,1,1,1],"ix":4},"o":{"a":0,"k":100,"ix":5},"r":1,"bm":0,"nm":"Fill 1","mn":"ADBE Vector Graphic - Fill","hd":false},{"ty":"tr","p":{"a":0,"k":[-321,45],"ix":2},"a":{"a":0,"k":[0,0],"ix":1},"s":{"a":0,"k":[100,100],"ix":3},"r":{"a":0,"k":0,"ix":6},"o":{"a":0,"k":100,"ix":7},"sk":{"a":0,"k":0,"ix":4},"sa":{"a":0,"k":0,"ix":5},"nm":"Transform"}],"nm":"Rectangle 1","np":3,"cix":2,"bm":0,"ix":4,"mn":"ADBE Vector Group","hd":false}],"ip":0,"op":420,"st":0,"bm":0},{"ddd":0,"ind":14,"ty":4,"nm":"Layer 7 :M","parent":15,"sr":1,"ks":{"o":{"a":0,"k":100,"ix":11},"r":{"a":0,"k":0,"ix":10},"p":{"a":0,"k":[550.181,737.663,0],"ix":2},"a":{"a":0,"k":[552.823,737.243,0],"ix":1},"s":{"a":0,"k":[100,100,100],"ix":6}},"ao":0,"shapes":[{"ty":"gr","it":[{"ty":"gr","it":[{"ty":"gr","it":[{"ind":0,"ty":"sh","ix":1,"ks":{"a":0,"k":{"i":[[-4.258,-7.194],[0,0],[0,0],[5.526,-6.272],[0,0],[0,0],[7.673,3.318],[0,0],[0,0],[-0.784,8.323],[0,0],[0,0],[-8.158,1.826],[0,0],[0,0]],"o":[[0,0],[0,0],[8.158,1.826],[0,0],[0,0],[0.784,8.323],[0,0],[0,0],[-7.673,3.318],[0,0],[0,0],[-5.526,-6.272],[0,0],[0,0],[4.258,-7.194]],"v":[[9.463,-91.469],[38.001,-43.248],[92.682,-31.007],[98.53,-13.008],[61.488,29.035],[66.743,84.822],[51.432,95.946],[0,73.709],[-51.432,95.946],[-66.743,84.822],[-61.488,29.035],[-98.53,-13.008],[-92.682,-31.007],[-38.001,-43.248],[-9.463,-91.469]],"c":true},"ix":2},"nm":"Path 1","mn":"ADBE Vector Shape - Group","hd":false},{"ty":"st","c":{"a":0,"k":[0,0,0,1],"ix":3},"o":{"a":0,"k":100,"ix":4},"w":{"a":0,"k":3,"ix":5},"lc":1,"lj":1,"ml":10,"bm":0,"nm":"Stroke 1","mn":"ADBE Vector Graphic - Stroke","hd":false},{"ty":"fl","c":{"a":0,"k":[1,1,0,1],"ix":4},"o":{"a":0,"k":100,"ix":5},"r":1,"bm":0,"nm":"Fill 1","mn":"ADBE Vector Graphic - Fill","hd":false},{"ty":"tr","p":{"a":0,"k":[0,0],"ix":2},"a":{"a":0,"k":[0,0],"ix":1},"s":{"a":0,"k":[100,100],"ix":3},"r":{"a":0,"k":0,"ix":6},"o":{"a":0,"k":100,"ix":7},"sk":{"a":0,"k":0,"ix":4},"sa":{"a":0,"k":0,"ix":5},"nm":"Transform"}],"nm":"Group 1","np":3,"cix":2,"bm":0,"ix":1,"mn":"ADBE Vector Group","hd":false},{"ty":"tr","p":{"a":0,"k":[550.5,728.443],"ix":2},"a":{"a":0,"k":[0,0],"ix":1},"s":{"a":0,"k":[100,100],"ix":3},"r":{"a":0,"k":0,"ix":6},"o":{"a":0,"k":100,"ix":7},"sk":{"a":0,"k":0,"ix":4},"sa":{"a":0,"k":0,"ix":5},"nm":"Transform"}],"nm":"Layer 7","np":1,"cix":2,"bm":0,"ix":1,"mn":"ADBE Vector Group","hd":false},{"ty":"tr","p":{"a":0,"k":[553.143,728.023],"ix":2},"a":{"a":0,"k":[550.5,728.443],"ix":1},"s":{"a":0,"k":[100,100],"ix":3},"r":{"a":0,"k":0,"ix":6},"o":{"a":0,"k":100,"ix":7},"sk":{"a":0,"k":0,"ix":4},"sa":{"a":0,"k":0,"ix":5},"nm":"Transform"}],"nm":"Layer 7","np":1,"cix":2,"bm":0,"ix":1,"mn":"ADBE Vector Group","hd":false},{"ty":"gr","it":[{"ty":"gr","it":[{"ty":"gr","it":[{"ind":0,"ty":"sh","ix":1,"ks":{"a":0,"k":{"i":[[39.621,0],[9.867,1.735],[-16.305,92.751],[-31.015,25.785],[-39.622,0],[-9.867,-1.734],[-26.186,-37.355],[7.899,-44.93],[31.015,-25.784]],"o":[[-9.916,0],[-92.751,-16.305],[6.996,-39.797],[30.681,-25.507],[9.917,0],[44.93,7.898],[26.185,37.356],[-6.996,39.797],[-30.681,25.508]],"v":[[0.231,170.823],[-29.583,168.209],[-168.223,-29.57],[-109.278,-131.269],[-0.258,-170.823],[29.556,-168.209],[139.837,-98.033],[168.195,29.57],[109.251,131.269]],"c":true},"ix":2},"nm":"Path 1","mn":"ADBE Vector Shape - Group","hd":false},{"ty":"st","c":{"a":0,"k":[0,0,0,1],"ix":3},"o":{"a":0,"k":100,"ix":4},"w":{"a":0,"k":3,"ix":5},"lc":1,"lj":1,"ml":10,"bm":0,"nm":"Stroke 1","mn":"ADBE Vector Graphic - Stroke","hd":false},{"ty":"fl","c":{"a":0,"k":[1,0.737254917622,0,1],"ix":4},"o":{"a":0,"k":100,"ix":5},"r":1,"bm":0,"nm":"Fill 1","mn":"ADBE Vector Graphic - Fill","hd":false},{"ty":"tr","p":{"a":0,"k":[0,0],"ix":2},"a":{"a":0,"k":[0,0],"ix":1},"s":{"a":0,"k":[100,100],"ix":3},"r":{"a":0,"k":0,"ix":6},"o":{"a":0,"k":100,"ix":7},"sk":{"a":0,"k":0,"ix":4},"sa":{"a":0,"k":0,"ix":5},"nm":"Transform"}],"nm":"Group 1","np":3,"cix":2,"bm":0,"ix":1,"mn":"ADBE Vector Group","hd":false},{"ty":"tr","p":{"a":0,"k":[550.181,737.663],"ix":2},"a":{"a":0,"k":[0,0],"ix":1},"s":{"a":0,"k":[100,100],"ix":3},"r":{"a":0,"k":0,"ix":6},"o":{"a":0,"k":100,"ix":7},"sk":{"a":0,"k":0,"ix":4},"sa":{"a":0,"k":0,"ix":5},"nm":"Transform"}],"nm":"Layer 6","np":1,"cix":2,"bm":0,"ix":1,"mn":"ADBE Vector Group","hd":false},{"ty":"tr","p":{"a":0,"k":[552.823,737.243],"ix":2},"a":{"a":0,"k":[550.181,737.663],"ix":1},"s":{"a":0,"k":[100,100],"ix":3},"r":{"a":0,"k":0,"ix":6},"o":{"a":0,"k":100,"ix":7},"sk":{"a":0,"k":0,"ix":4},"sa":{"a":0,"k":0,"ix":5},"nm":"Transform"}],"nm":"Layer 6","np":1,"cix":2,"bm":0,"ix":2,"mn":"ADBE Vector Group","hd":false}],"ip":-1,"op":419,"st":0,"bm":0},{"ddd":0,"ind":15,"ty":4,"nm":"medal","sr":1,"ks":{"o":{"a":0,"k":100,"ix":11},"r":{"a":1,"k":[{"i":{"x":[0.67],"y":[0.702]},"o":{"x":[0.34],"y":[0.5]},"t":1,"s":[16]},{"i":{"x":[0.667],"y":[1]},"o":{"x":[0.304],"y":[0.333]},"t":17,"s":[0]},{"i":{"x":[0.833],"y":[1]},"o":{"x":[0.458],"y":[-0.073]},"t":40,"s":[-19]},{"i":{"x":[0.667],"y":[1]},"o":{"x":[0.513],"y":[0.073]},"t":75,"s":[16]},{"t":105,"s":[0]}],"ix":10},"p":{"a":1,"k":[{"i":{"x":0.67,"y":0.778},"o":{"x":0.34,"y":0.36},"t":1,"s":[470.165,673.663,0],"to":[0.42,19.232,0],"ti":[-44.145,-1.398,0]},{"i":{"x":0.667,"y":1},"o":{"x":0.304,"y":0.284},"t":17,"s":[552.808,737.243,0],"to":[44.241,1.401,0],"ti":[-0.248,-0.165,0]},{"i":{"x":0.833,"y":1},"o":{"x":0.458,"y":0},"t":40,"s":[645.165,674.663,0],"to":[0.198,0.132,0],"ti":[80.627,143.929,0]},{"i":{"x":0.667,"y":1},"o":{"x":0.513,"y":0},"t":75,"s":[470.165,673.663,0],"to":[-9.401,-16.783,0],"ti":[-44.145,-1.398,0]},{"t":105,"s":[552.808,737.243,0]}],"ix":2},"a":{"a":0,"k":[550.165,737.663,0],"ix":1},"s":{"a":0,"k":[100,100,100],"ix":6}},"ao":0,"shapes":[{"ty":"gr","it":[{"ty":"gr","it":[{"ind":0,"ty":"sh","ix":1,"ks":{"a":0,"k":{"i":[[-4.258,-7.194],[0,0],[0,0],[5.526,-6.272],[0,0],[0,0],[7.673,3.318],[0,0],[0,0],[-0.784,8.323],[0,0],[0,0],[-8.158,1.826],[0,0],[0,0]],"o":[[0,0],[0,0],[8.158,1.826],[0,0],[0,0],[0.784,8.323],[0,0],[0,0],[-7.673,3.318],[0,0],[0,0],[-5.526,-6.272],[0,0],[0,0],[4.258,-7.194]],"v":[[9.463,-91.469],[38.001,-43.248],[92.682,-31.007],[98.53,-13.008],[61.488,29.035],[66.743,84.822],[51.432,95.946],[0,73.709],[-51.432,95.946],[-66.743,84.822],[-61.488,29.035],[-98.53,-13.008],[-92.682,-31.007],[-38.001,-43.248],[-9.463,-91.469]],"c":true},"ix":2},"nm":"Path 1","mn":"ADBE Vector Shape - Group","hd":false},{"ty":"st","c":{"a":0,"k":[0,0,0,1],"ix":3},"o":{"a":0,"k":100,"ix":4},"w":{"a":0,"k":3,"ix":5},"lc":1,"lj":1,"ml":10,"bm":0,"nm":"Stroke 1","mn":"ADBE Vector Graphic - Stroke","hd":false},{"ty":"fl","c":{"a":0,"k":[1,1,0,1],"ix":4},"o":{"a":0,"k":100,"ix":5},"r":1,"bm":0,"nm":"Fill 1","mn":"ADBE Vector Graphic - Fill","hd":false},{"ty":"tr","p":{"a":0,"k":[0,0],"ix":2},"a":{"a":0,"k":[0,0],"ix":1},"s":{"a":0,"k":[100,100],"ix":3},"r":{"a":0,"k":0,"ix":6},"o":{"a":0,"k":100,"ix":7},"sk":{"a":0,"k":0,"ix":4},"sa":{"a":0,"k":0,"ix":5},"nm":"Transform"}],"nm":"Group 1","np":3,"cix":2,"bm":0,"ix":1,"mn":"ADBE Vector Group","hd":false},{"ty":"tr","p":{"a":0,"k":[550.5,728.443],"ix":2},"a":{"a":0,"k":[0,0],"ix":1},"s":{"a":0,"k":[100,100],"ix":3},"r":{"a":0,"k":0,"ix":6},"o":{"a":0,"k":100,"ix":7},"sk":{"a":0,"k":0,"ix":4},"sa":{"a":0,"k":0,"ix":5},"nm":"Transform"}],"nm":"Layer 7","np":1,"cix":2,"bm":0,"ix":1,"mn":"ADBE Vector Group","hd":false},{"ty":"gr","it":[{"ty":"gr","it":[{"ind":0,"ty":"sh","ix":1,"ks":{"a":0,"k":{"i":[[39.621,0],[9.867,1.735],[-16.305,92.751],[-31.015,25.785],[-39.622,0],[-9.867,-1.734],[-26.186,-37.355],[7.899,-44.93],[31.015,-25.784]],"o":[[-9.916,0],[-92.751,-16.305],[6.996,-39.797],[30.681,-25.507],[9.917,0],[44.93,7.898],[26.185,37.356],[-6.996,39.797],[-30.681,25.508]],"v":[[0.231,170.823],[-29.583,168.209],[-168.223,-29.57],[-109.278,-131.269],[-0.258,-170.823],[29.556,-168.209],[139.837,-98.033],[168.195,29.57],[109.251,131.269]],"c":true},"ix":2},"nm":"Path 1","mn":"ADBE Vector Shape - Group","hd":false},{"ty":"st","c":{"a":0,"k":[0,0,0,1],"ix":3},"o":{"a":0,"k":100,"ix":4},"w":{"a":0,"k":3,"ix":5},"lc":1,"lj":1,"ml":10,"bm":0,"nm":"Stroke 1","mn":"ADBE Vector Graphic - Stroke","hd":false},{"ty":"fl","c":{"a":0,"k":[1,0.737254917622,0,1],"ix":4},"o":{"a":0,"k":100,"ix":5},"r":1,"bm":0,"nm":"Fill 1","mn":"ADBE Vector Graphic - Fill","hd":false},{"ty":"tr","p":{"a":0,"k":[0,0],"ix":2},"a":{"a":0,"k":[0,0],"ix":1},"s":{"a":0,"k":[100,100],"ix":3},"r":{"a":0,"k":0,"ix":6},"o":{"a":0,"k":100,"ix":7},"sk":{"a":0,"k":0,"ix":4},"sa":{"a":0,"k":0,"ix":5},"nm":"Transform"}],"nm":"Group 1","np":3,"cix":2,"bm":0,"ix":1,"mn":"ADBE Vector Group","hd":false},{"ty":"tr","p":{"a":0,"k":[550.181,737.663],"ix":2},"a":{"a":0,"k":[0,0],"ix":1},"s":{"a":0,"k":[100,100],"ix":3},"r":{"a":0,"k":0,"ix":6},"o":{"a":0,"k":100,"ix":7},"sk":{"a":0,"k":0,"ix":4},"sa":{"a":0,"k":0,"ix":5},"nm":"Transform"}],"nm":"Layer 6","np":1,"cix":2,"bm":0,"ix":2,"mn":"ADBE Vector Group","hd":false},{"ty":"gr","it":[{"ty":"gr","it":[{"ind":0,"ty":"sh","ix":1,"ks":{"a":0,"k":{"i":[[4.497,-25.584],[11.554,-21.767],[17.994,-17.367],[22.687,-11.103],[25.291,-3.563],[25.584,4.497],[21.767,11.554],[17.367,17.994],[11.103,22.687],[3.563,25.291],[-4.497,25.584],[-11.554,21.767],[-17.994,17.367],[-22.687,11.103],[-25.291,3.563],[-25.584,-4.497],[-21.767,-11.554],[-17.367,-17.994],[-11.103,-22.687],[-3.563,-25.291]],"o":[[-4.497,25.584],[-11.974,22.56],[-18.174,17.541],[-22.463,10.993],[-24.403,3.438],[-25.584,-4.497],[-22.56,-11.974],[-17.541,-18.174],[-10.993,-22.463],[-3.438,-24.403],[4.497,-25.584],[11.974,-22.56],[18.174,-17.541],[22.463,-10.993],[24.403,-3.438],[25.584,4.497],[22.56,11.974],[17.541,18.174],[10.993,22.463],[3.438,24.403]],"v":[[256.857,45.153],[195.06,103.589],[181.265,187.526],[96.883,198.423],[36.436,258.303],[-38.227,217.461],[-122.343,230.392],[-158.745,153.486],[-234.351,114.465],[-218.694,30.856],[-256.857,-45.153],[-195.06,-103.589],[-181.265,-187.526],[-96.883,-198.423],[-36.436,-258.303],[38.227,-217.461],[122.343,-230.392],[158.745,-153.486],[234.351,-114.465],[218.694,-30.856]],"c":true},"ix":2},"nm":"Path 1","mn":"ADBE Vector Shape - Group","hd":false},{"ty":"st","c":{"a":0,"k":[0,0,0,1],"ix":3},"o":{"a":0,"k":100,"ix":4},"w":{"a":0,"k":3,"ix":5},"lc":1,"lj":1,"ml":10,"bm":0,"nm":"Stroke 1","mn":"ADBE Vector Graphic - Stroke","hd":false},{"ty":"tr","p":{"a":0,"k":[550.165,737.663],"ix":2},"a":{"a":0,"k":[0,0],"ix":1},"s":{"a":0,"k":[100,100],"ix":3},"r":{"a":0,"k":0,"ix":6},"o":{"a":0,"k":100,"ix":7},"sk":{"a":0,"k":0,"ix":4},"sa":{"a":0,"k":0,"ix":5},"nm":"Transform"}],"nm":"Group 1","np":2,"cix":2,"bm":0,"ix":1,"mn":"ADBE Vector Group","hd":false},{"ty":"gr","it":[{"ind":0,"ty":"sh","ix":1,"ks":{"a":0,"k":{"i":[[4.497,-25.584],[11.554,-21.767],[17.994,-17.367],[22.687,-11.103],[25.291,-3.563],[25.584,4.497],[21.767,11.554],[17.367,17.994],[11.103,22.687],[3.563,25.291],[-4.497,25.584],[-11.554,21.767],[-17.994,17.367],[-22.687,11.103],[-25.291,3.563],[-25.584,-4.497],[-21.767,-11.554],[-17.367,-17.994],[-11.103,-22.687],[-3.563,-25.291]],"o":[[-4.497,25.584],[-11.974,22.56],[-18.174,17.541],[-22.463,10.993],[-24.403,3.438],[-25.584,-4.497],[-22.56,-11.974],[-17.541,-18.174],[-10.993,-22.463],[-3.438,-24.403],[4.497,-25.584],[11.974,-22.56],[18.174,-17.541],[22.463,-10.993],[24.403,-3.438],[25.584,4.497],[22.56,11.974],[17.541,18.174],[10.993,22.463],[3.438,24.403]],"v":[[256.857,45.153],[195.06,103.589],[181.265,187.526],[96.883,198.423],[36.436,258.303],[-38.227,217.461],[-122.343,230.392],[-158.745,153.486],[-234.351,114.465],[-218.694,30.856],[-256.857,-45.153],[-195.06,-103.589],[-181.265,-187.526],[-96.883,-198.423],[-36.436,-258.303],[38.227,-217.461],[122.343,-230.392],[158.745,-153.486],[234.351,-114.465],[218.694,-30.856]],"c":true},"ix":2},"nm":"Path 1","mn":"ADBE Vector Shape - Group","hd":false},{"ty":"fl","c":{"a":0,"k":[1,0.878431379795,0.282352954149,1],"ix":4},"o":{"a":0,"k":100,"ix":5},"r":1,"bm":0,"nm":"Fill 1","mn":"ADBE Vector Graphic - Fill","hd":false},{"ty":"tr","p":{"a":0,"k":[550.165,737.663],"ix":2},"a":{"a":0,"k":[0,0],"ix":1},"s":{"a":0,"k":[100,100],"ix":3},"r":{"a":0,"k":0,"ix":6},"o":{"a":0,"k":100,"ix":7},"sk":{"a":0,"k":0,"ix":4},"sa":{"a":0,"k":0,"ix":5},"nm":"Transform"}],"nm":"Group 2","np":2,"cix":2,"bm":0,"ix":2,"mn":"ADBE Vector Group","hd":false},{"ty":"tr","p":{"a":0,"k":[550.165,737.663],"ix":2},"a":{"a":0,"k":[550.165,737.663],"ix":1},"s":{"a":0,"k":[100,100],"ix":3},"r":{"a":0,"k":0,"ix":6},"o":{"a":0,"k":100,"ix":7},"sk":{"a":0,"k":0,"ix":4},"sa":{"a":0,"k":0,"ix":5},"nm":"Transform"}],"nm":"Layer 5","np":2,"cix":2,"bm":0,"ix":3,"mn":"ADBE Vector Group","hd":false}],"ip":-1,"op":419,"st":-1,"bm":0},{"ddd":0,"ind":16,"ty":4,"nm":"stripe","sr":1,"ks":{"o":{"a":0,"k":100,"ix":11},"r":{"a":0,"k":0,"ix":10},"p":{"a":0,"k":[559.835,432.042,0],"ix":2},"a":{"a":0,"k":[559.835,432.042,0],"ix":1},"s":{"a":0,"k":[100,100,100],"ix":6}},"ao":0,"shapes":[{"ty":"gr","it":[{"ty":"gr","it":[{"ind":0,"ty":"sh","ix":1,"ks":{"a":1,"k":[{"i":{"x":0.833,"y":0.833},"o":{"x":0.32,"y":0.94},"t":1,"s":[{"i":[[0,0],[62.487,-57.651],[0,0],[0,0],[-70.747,68.878],[0,0]],"o":[[0,0],[-62.487,57.651],[0,0],[0,0],[70.747,-68.878],[0,0]],"v":[[121.805,-217.27],[30.182,-4.271],[-136.185,207.43],[-181.805,192.88],[-30.052,-17.742],[51.515,-217.43]],"c":true}]},{"i":{"x":0.667,"y":1},"o":{"x":0.167,"y":0.167},"t":17,"s":[{"i":[[0,0],[20.245,-48.07],[0,0],[0,0],[-21.626,53.985],[0,0]],"o":[[0,0],[-21.828,51.828],[0,0],[0,0],[20.411,-50.952],[0,0]],"v":[[121.805,-217.27],[28.523,-5.448],[-63.538,215.054],[-120.328,208.958],[-31.179,-21.605],[51.515,-217.43]],"c":true}]},{"i":{"x":0.833,"y":0.833},"o":{"x":0.46,"y":0},"t":40,"s":[{"i":[[0,0],[32.422,4.174],[0,0],[0,0],[-33.21,-18.335],[0,0]],"o":[[0,0],[-32.422,-4.174],[0,0],[0,0],[33.21,18.335],[0,0]],"v":[[121.805,-217.27],[27.117,-6.446],[-84.185,210.43],[-121.805,206.88],[-27.515,-23.955],[51.515,-217.43]],"c":true}]},{"i":{"x":0.833,"y":1},"o":{"x":0.167,"y":0.167},"t":59,"s":[{"i":[[0,0],[23.907,-50.596],[0,0],[0,0],[-27.455,69.066],[0,0]],"o":[[0,0],[-31.035,65.681],[0,0],[0,0],[22.054,-55.479],[0,0]],"v":[[121.805,-217.27],[19.73,17.699],[-69.547,217.851],[-121.377,209.513],[-32.85,-3.686],[51.515,-217.43]],"c":true}]},{"i":{"x":0.667,"y":1},"o":{"x":0.493,"y":0},"t":75,"s":[{"i":[[0,0],[62.487,-57.651],[0,0],[0,0],[-70.747,68.878],[0,0]],"o":[[0,0],[-62.487,57.651],[0,0],[0,0],[70.747,-68.878],[0,0]],"v":[[121.805,-217.27],[30.182,-4.271],[-136.185,207.43],[-181.805,192.88],[-30.052,-17.742],[51.515,-217.43]],"c":true}]},{"t":105,"s":[{"i":[[0,0],[20.245,-48.07],[0,0],[0,0],[-21.626,53.985],[0,0]],"o":[[0,0],[-21.828,51.828],[0,0],[0,0],[20.411,-50.952],[0,0]],"v":[[121.805,-217.27],[28.523,-5.448],[-63.538,215.054],[-120.328,208.958],[-31.179,-21.605],[51.515,-217.43]],"c":true}]}],"ix":2},"nm":"Path 1","mn":"ADBE Vector Shape - Group","hd":false},{"ty":"st","c":{"a":0,"k":[0,0,0,1],"ix":3},"o":{"a":0,"k":100,"ix":4},"w":{"a":0,"k":3,"ix":5},"lc":1,"lj":1,"ml":10,"bm":0,"nm":"Stroke 1","mn":"ADBE Vector Graphic - Stroke","hd":false},{"ty":"fl","c":{"a":0,"k":[1,1,1,1],"ix":4},"o":{"a":0,"k":100,"ix":5},"r":1,"bm":0,"nm":"Fill 1","mn":"ADBE Vector Graphic - Fill","hd":false},{"ty":"tr","p":{"a":0,"k":[0,0],"ix":2},"a":{"a":0,"k":[0,0],"ix":1},"s":{"a":0,"k":[100,100],"ix":3},"r":{"a":0,"k":0,"ix":6},"o":{"a":0,"k":100,"ix":7},"sk":{"a":0,"k":0,"ix":4},"sa":{"a":0,"k":0,"ix":5},"nm":"Transform"}],"nm":"Group 1","np":3,"cix":2,"bm":0,"ix":1,"mn":"ADBE Vector Group","hd":false},{"ty":"tr","p":{"a":0,"k":[717.305,343.62],"ix":2},"a":{"a":0,"k":[0,0],"ix":1},"s":{"a":0,"k":[100,100],"ix":3},"r":{"a":0,"k":0,"ix":6},"o":{"a":0,"k":100,"ix":7},"sk":{"a":0,"k":0,"ix":4},"sa":{"a":0,"k":0,"ix":5},"nm":"Transform"}],"nm":"Layer 4","np":1,"cix":2,"bm":0,"ix":1,"mn":"ADBE Vector Group","hd":false},{"ty":"gr","it":[{"ty":"gr","it":[{"ind":0,"ty":"sh","ix":1,"ks":{"a":1,"k":[{"i":{"x":0.833,"y":0.833},"o":{"x":0.32,"y":0.94},"t":1,"s":[{"i":[[-48.5,-24.5],[0,0],[5.16,77.612],[0,0],[0,0],[-28.712,-73.726]],"o":[[48.5,24.5],[0,0],[-10.686,-160.737],[0,0],[0,0],[32.578,83.653]],"v":[[83.65,204.875],[27.03,232.425],[-100.164,-7.888],[-79.65,-216.255],[-17.78,-216.925],[-41.428,-9.278]],"c":true}]},{"i":{"x":0.667,"y":1},"o":{"x":0.167,"y":0.167},"t":17,"s":[{"i":[[-10.154,-22.763],[0,0],[11.01,33.939],[0,0],[0,0],[-13.171,-33.819]],"o":[[7.872,17.647],[0,0],[-22.56,-69.542],[0,0],[0,0],[14.944,38.373]],"v":[[110.278,204.228],[58.149,219.15],[-14.29,46.917],[-110.721,-218.296],[-42.521,-217.196],[46.612,32.075]],"c":true}]},{"i":{"x":0.833,"y":0.833},"o":{"x":0.46,"y":0},"t":40,"s":[{"i":[[0,0],[0,0],[48.742,78.707],[0,0],[0,0],[-43.759,-100.154]],"o":[[0,0],[0,0],[-48.742,-78.707],[0,0],[0,0],[43.759,100.154]],"v":[[183.65,152.875],[161.03,183.425],[-16.108,10.082],[-111.65,-217.255],[-41.78,-217.425],[21.391,-28.779]],"c":true}]},{"i":{"x":0.833,"y":1},"o":{"x":0.167,"y":0.167},"t":59,"s":[{"i":[[-25.521,-12.892],[0,0],[25.809,78.131],[0,0],[0,0],[-35.841,-86.247]],"o":[[25.521,12.892],[0,0],[-42.012,-114.751],[0,0],[0,0],[37.875,91.471]],"v":[[117.03,206.237],[59.519,226.209],[-31.338,-6.374],[-106.812,-215.229],[-29.151,-217.162],[24.336,-27.517]],"c":true}]},{"i":{"x":0.667,"y":1},"o":{"x":0.493,"y":0},"t":75,"s":[{"i":[[-48.5,-24.5],[0,0],[5.16,77.612],[0,0],[0,0],[-28.712,-73.726]],"o":[[48.5,24.5],[0,0],[-10.686,-160.737],[0,0],[0,0],[32.578,83.653]],"v":[[83.65,204.875],[27.03,232.425],[-100.164,-7.888],[-79.65,-216.255],[-17.78,-216.925],[-41.428,-9.278]],"c":true}]},{"t":105,"s":[{"i":[[-10.154,-22.763],[0,0],[11.01,33.939],[0,0],[0,0],[-13.171,-33.819]],"o":[[7.872,17.647],[0,0],[-22.56,-69.542],[0,0],[0,0],[14.944,38.373]],"v":[[110.278,204.228],[58.149,219.15],[-14.29,46.917],[-110.721,-218.296],[-42.521,-217.196],[46.612,32.075]],"c":true}]}],"ix":2},"nm":"Path 1","mn":"ADBE Vector Shape - Group","hd":false},{"ty":"st","c":{"a":0,"k":[0,0,0,1],"ix":3},"o":{"a":0,"k":100,"ix":4},"w":{"a":0,"k":3,"ix":5},"lc":1,"lj":1,"ml":10,"bm":0,"nm":"Stroke 1","mn":"ADBE Vector Graphic - Stroke","hd":false},{"ty":"fl","c":{"a":0,"k":[1,1,1,1],"ix":4},"o":{"a":0,"k":100,"ix":5},"r":1,"bm":0,"nm":"Fill 1","mn":"ADBE Vector Graphic - Fill","hd":false},{"ty":"tr","p":{"a":0,"k":[0,0],"ix":2},"a":{"a":0,"k":[0,0],"ix":1},"s":{"a":0,"k":[100,100],"ix":3},"r":{"a":0,"k":0,"ix":6},"o":{"a":0,"k":100,"ix":7},"sk":{"a":0,"k":0,"ix":4},"sa":{"a":0,"k":0,"ix":5},"nm":"Transform"}],"nm":"Group 1","np":3,"cix":2,"bm":0,"ix":1,"mn":"ADBE Vector Group","hd":false},{"ty":"tr","p":{"a":0,"k":[382.85,343.625],"ix":2},"a":{"a":0,"k":[0,0],"ix":1},"s":{"a":0,"k":[100,100],"ix":3},"r":{"a":0,"k":0,"ix":6},"o":{"a":0,"k":100,"ix":7},"sk":{"a":0,"k":0,"ix":4},"sa":{"a":0,"k":0,"ix":5},"nm":"Transform"}],"nm":"Layer 3","np":1,"cix":2,"bm":0,"ix":2,"mn":"ADBE Vector Group","hd":false},{"ty":"gr","it":[{"ty":"gr","it":[{"ind":0,"ty":"sh","ix":1,"ks":{"a":1,"k":[{"i":{"x":0.833,"y":0.833},"o":{"x":0.32,"y":0.94},"t":1,"s":[{"i":[[6.502,-13.923],[56.758,-87.047],[0,0],[0,0],[0,0],[15.782,103.31],[0,0],[-14.754,0.034],[0,0],[0,0],[0,0],[-0.851,-13.81],[-11.245,-53.083],[-34.642,-39.451],[-4.029,-2.907],[-71.617,85.765],[0,0],[-8.75,-0.021],[0,0],[0,0],[0,0]],"o":[[0,0],[-56.758,87.047],[0,0],[0,0],[0,0],[-15.782,-103.31],[2.954,-16.544],[0,0],[0,0],[0,0],[9.013,-0.021],[1.705,27.673],[11.224,52.981],[3.935,4.482],[18.678,13.477],[71.617,-85.765],[3.107,-8.18],[0,0],[0,0],[0,0],[22.945,-0.427]],"v":[[319.726,-257.691],[247.923,-94.089],[70.035,124.748],[-17.265,305.968],[-134.485,236.748],[-326.053,-77.732],[-315.289,-276.498],[-293.728,-305.614],[-256.635,-304.672],[-194.765,-305.342],[-165.183,-305.967],[-145.234,-291.733],[-167.334,-105.042],[-75.793,66.303],[-79.335,93.458],[76.548,-125.277],[140.031,-292.407],[159.738,-305.968],[208.985,-305.852],[279.275,-305.692],[297.22,-305.615]],"c":true}]},{"i":{"x":0.667,"y":1},"o":{"x":0.167,"y":0.167},"t":17,"s":[{"i":[[9.403,-18.608],[33.833,-75.17],[0,0],[0,0],[0,0],[17.754,46.029],[0,0],[-14.754,0.034],[0,0],[0,0],[0,0],[-1.966,-10.952],[-8.547,-23.377],[-8.084,-20.314],[-0.838,2.12],[-27.22,65.034],[0,0],[-8.75,-0.021],[0,0],[0,0],[0,0]],"o":[[0,0],[-35.328,78.492],[0,0],[0,0],[0,0],[-17.252,-44.728],[-1.527,-15.037],[0,0],[0,0],[0,0],[9.013,-0.021],[0.782,12.694],[13.523,36.986],[1.012,2.542],[9.651,-24.413],[24.092,-57.561],[3.107,-8.18],[0,0],[0,0],[0,0],[18.843,-0.177]],"v":[[330.762,-269.434],[243.493,-82.034],[100.233,218.376],[-17.265,305.968],[-148.746,205.817],[-241.088,-32.571],[-334.282,-278.018],[-313.803,-306.864],[-287.706,-306.713],[-219.506,-305.613],[-165.183,-305.967],[-145.234,-291.733],[-74.358,-88.028],[-13.751,93.772],[-9.486,101.371],[80.386,-132.076],[140.031,-292.407],[159.738,-305.968],[208.985,-305.852],[279.275,-305.692],[312.651,-306.615]],"c":true}]},{"i":{"x":0.833,"y":0.833},"o":{"x":0.46,"y":0},"t":40,"s":[{"i":[[6.502,-13.923],[63.574,-29.776],[0,0],[0,0],[0,0],[70.843,96.379],[0,0],[-14.754,0.034],[0,0],[0,0],[0,0],[-2.912,-8.53],[-29.766,-68.057],[0,0],[0,0],[-34.909,-8.263],[0,0],[-8.751,-0.021],[0,0],[0,0],[0,0]],"o":[[0,0],[-63.574,29.776],[0,0],[0,0],[0,0],[-70.843,-96.379],[-5.325,-13.76],[0,0],[0,0],[0,0],[9.013,-0.021],[0,0],[44.645,102.075],[0,0],[0,0],[34.909,8.263],[3.107,-8.18],[0,0],[0,0],[0,0],[15.366,0.034]],"v":[[332.726,-275.691],[239.739,-71.818],[99.035,224.748],[-17.265,305.968],[-36.485,136.748],[-234.992,-51.663],[-333.289,-276.998],[-313.728,-305.614],[-288.635,-305.672],[-218.765,-305.842],[-165.183,-305.967],[-145.234,-291.733],[-102.479,-138.117],[46.184,48.61],[-10.335,103.458],[88.257,-144.305],[140.031,-292.407],[159.738,-305.968],[208.985,-305.852],[279.275,-305.692],[313.72,-305.615]],"c":true}]},{"i":{"x":0.833,"y":1},"o":{"x":0.167,"y":0.167},"t":59,"s":[{"i":[[6.502,-13.923],[35.21,-77.124],[0,0],[0,0],[0,0],[41.87,100.026],[0,0],[-14.754,0.034],[0,0],[0,0],[0,0],[-1.827,-11.308],[-20.021,-60.178],[-15.835,-33.962],[-2.12,-1.53],[-30.93,88.25],[0,0],[-8.751,-0.021],[0,0],[0,0],[0,0]],"o":[[0,0],[-45.88,100.495],[0,0],[0,0],[0,0],[-41.87,-100.026],[-0.968,-15.225],[0,0],[0,0],[0,0],[9.013,-0.021],[0.897,14.562],[27.059,76.242],[1.326,2.844],[9.828,7.091],[22.528,-64.277],[3.107,-8.18],[0,0],[0,0],[0,0],[19.354,-0.208]],"v":[[325.885,-266.22],[232.046,-62.537],[115.776,188.128],[-17.265,305.968],[-129.052,234.368],[-251.908,-64.38],[-335.817,-275.234],[-315.204,-304.114],[-283.796,-303.646],[-206.136,-305.579],[-165.183,-305.967],[-145.234,-291.733],[-93.606,-128.713],[-9,98.42],[-18.642,108.696],[68.096,-109.292],[140.031,-292.407],[159.738,-305.968],[208.985,-305.852],[279.275,-305.692],[305.038,-305.615]],"c":true}]},{"i":{"x":0.667,"y":1},"o":{"x":0.493,"y":0},"t":75,"s":[{"i":[[6.502,-13.923],[56.758,-87.047],[0,0],[0,0],[0,0],[15.782,103.31],[0,0],[-14.754,0.034],[0,0],[0,0],[0,0],[-0.851,-13.81],[-11.245,-53.083],[-34.642,-39.451],[-4.029,-2.907],[-71.617,85.765],[0,0],[-8.75,-0.021],[0,0],[0,0],[0,0]],"o":[[0,0],[-56.758,87.047],[0,0],[0,0],[0,0],[-15.782,-103.31],[2.954,-16.544],[0,0],[0,0],[0,0],[9.013,-0.021],[1.705,27.673],[11.224,52.981],[3.935,4.482],[18.678,13.477],[71.617,-85.765],[3.107,-8.18],[0,0],[0,0],[0,0],[22.945,-0.427]],"v":[[319.726,-257.691],[247.923,-94.089],[70.035,124.748],[-17.265,305.968],[-134.485,236.748],[-326.053,-77.732],[-315.289,-276.498],[-293.728,-305.614],[-256.635,-304.672],[-194.765,-305.342],[-165.183,-305.967],[-145.234,-291.733],[-167.334,-105.042],[-75.793,66.303],[-79.335,93.458],[76.548,-125.277],[140.031,-292.407],[159.738,-305.968],[208.985,-305.852],[279.275,-305.692],[297.22,-305.615]],"c":true}]},{"t":105,"s":[{"i":[[9.403,-18.608],[33.833,-75.17],[0,0],[0,0],[0,0],[17.754,46.029],[0,0],[-14.754,0.034],[0,0],[0,0],[0,0],[-1.966,-10.952],[-8.547,-23.377],[-8.084,-20.314],[-0.838,2.12],[-27.22,65.034],[0,0],[-8.75,-0.021],[0,0],[0,0],[0,0]],"o":[[0,0],[-35.328,78.492],[0,0],[0,0],[0,0],[-17.252,-44.728],[-1.527,-15.037],[0,0],[0,0],[0,0],[9.013,-0.021],[0.782,12.694],[13.523,36.986],[1.012,2.542],[9.651,-24.413],[24.092,-57.561],[3.107,-8.18],[0,0],[0,0],[0,0],[18.843,-0.177]],"v":[[330.762,-269.434],[243.493,-82.034],[100.233,218.376],[-17.265,305.968],[-148.746,205.817],[-241.088,-32.571],[-334.282,-278.018],[-313.803,-306.864],[-287.706,-306.713],[-219.506,-305.613],[-165.183,-305.967],[-145.234,-291.733],[-74.358,-88.028],[-13.751,93.772],[-9.486,101.371],[80.386,-132.076],[140.031,-292.407],[159.738,-305.968],[208.985,-305.852],[279.275,-305.692],[312.651,-306.615]],"c":true}]}],"ix":2},"nm":"Path 1","mn":"ADBE Vector Shape - Group","hd":false},{"ty":"st","c":{"a":0,"k":[0,0,0,1],"ix":3},"o":{"a":0,"k":100,"ix":4},"w":{"a":0,"k":3,"ix":5},"lc":1,"lj":1,"ml":10,"bm":0,"nm":"Stroke 1","mn":"ADBE Vector Graphic - Stroke","hd":false},{"ty":"fl","c":{"a":0,"k":[0.121568627656,0,0.57647061348,1],"ix":4},"o":{"a":0,"k":100,"ix":5},"r":1,"bm":0,"nm":"Fill 1","mn":"ADBE Vector Graphic - Fill","hd":false},{"ty":"tr","p":{"a":0,"k":[0,0],"ix":2},"a":{"a":0,"k":[0,0],"ix":1},"s":{"a":0,"k":[100,100],"ix":3},"r":{"a":0,"k":0,"ix":6},"o":{"a":0,"k":100,"ix":7},"sk":{"a":0,"k":0,"ix":4},"sa":{"a":0,"k":0,"ix":5},"nm":"Transform"}],"nm":"Group 1","np":3,"cix":2,"bm":0,"ix":1,"mn":"ADBE Vector Group","hd":false},{"ty":"tr","p":{"a":0,"k":[559.835,432.042],"ix":2},"a":{"a":0,"k":[0,0],"ix":1},"s":{"a":0,"k":[100,100],"ix":3},"r":{"a":0,"k":0,"ix":6},"o":{"a":0,"k":100,"ix":7},"sk":{"a":0,"k":0,"ix":4},"sa":{"a":0,"k":0,"ix":5},"nm":"Transform"}],"nm":"Layer 2","np":1,"cix":2,"bm":0,"ix":3,"mn":"ADBE Vector Group","hd":false}],"ip":-1,"op":419,"st":-1,"bm":0}],"markers":[]}