{"v":"5.7.0","fr":60,"ip":0,"op":300,"w":3000,"h":2350,"nm":"Illustration 3","ddd":0,"assets":[{"id":"comp_0","layers":[{"ddd":0,"ind":1,"ty":0,"nm":"Right prize Comp 1","refId":"comp_1","sr":1,"ks":{"o":{"a":0,"k":100,"ix":11},"r":{"a":1,"k":[{"i":{"x":[0.402],"y":[1]},"o":{"x":[0.199],"y":[0]},"t":15,"s":[21]},{"i":{"x":[0.833],"y":[0.833]},"o":{"x":[0.167],"y":[0.167]},"t":35,"s":[-16.82]},{"i":{"x":[0.483],"y":[1]},"o":{"x":[0.381],"y":[0]},"t":36,"s":[-16.82]},{"i":{"x":[0.447],"y":[1]},"o":{"x":[0.327],"y":[0.004]},"t":64,"s":[11.149]},{"i":{"x":[0],"y":[1]},"o":{"x":[0.008],"y":[0]},"t":99,"s":[-4]},{"i":{"x":[0.571],"y":[1.023]},"o":{"x":[0.23],"y":[-0.012]},"t":100,"s":[-4]},{"t":141,"s":[0]}],"ix":10},"p":{"a":1,"k":[{"i":{"x":0.115,"y":1},"o":{"x":0.167,"y":0},"t":15,"s":[1301.608,757.972,0],"to":[-120.143,-121.177,0],"ti":[70.845,9.967,0]},{"t":87,"s":[1022,591.5,0]}],"ix":2},"a":{"a":0,"k":[128,123.5,0],"ix":1},"s":{"a":0,"k":[100,100,100],"ix":6}},"ao":0,"w":268,"h":269,"ip":0,"op":1341,"st":0,"bm":0}]},{"id":"comp_1","layers":[{"ddd":0,"ind":1,"ty":4,"nm":"Right prize","sr":1,"ks":{"o":{"a":0,"k":100,"ix":11},"r":{"a":0,"k":0,"ix":10},"p":{"a":0,"k":[134.292,134.5,0],"ix":2},"a":{"a":0,"k":[23.806,22.59,0],"ix":1},"s":{"a":0,"k":[600,600,100],"ix":6}},"ao":0,"shapes":[{"ty":"gr","it":[{"ind":0,"ty":"sh","ix":1,"ks":{"a":0,"k":{"i":[[0,-1.708],[0,0],[-1.708,0],[0,0]],"o":[[0,0],[0,-1.708],[0,0],[1.708,0]],"v":[[10.727,1.546],[-10.727,1.546],[-7.634,-1.546],[7.633,-1.546]],"c":true},"ix":2},"nm":"Path 1","mn":"ADBE Vector Shape - Group","hd":false},{"ty":"fl","c":{"a":0,"k":[0.301999978458,0.501999978458,0.894000004787,1],"ix":4},"o":{"a":0,"k":100,"ix":5},"r":1,"bm":0,"nm":"Fill 1","mn":"ADBE Vector Graphic - Fill","hd":false},{"ty":"tr","p":{"a":0,"k":[23.622,43.384],"ix":2},"a":{"a":0,"k":[0,0],"ix":1},"s":{"a":0,"k":[100,100],"ix":3},"r":{"a":0,"k":0,"ix":6},"o":{"a":0,"k":100,"ix":7},"sk":{"a":0,"k":0,"ix":4},"sa":{"a":0,"k":0,"ix":5},"nm":"Transform"}],"nm":"Group 1","np":2,"cix":2,"bm":0,"ix":1,"mn":"ADBE Vector Group","hd":false},{"ty":"gr","it":[{"ind":0,"ty":"sh","ix":1,"ks":{"a":0,"k":{"i":[[-0.005,-0.056],[0,-0.218],[0,-0.005],[9.657,-3.857],[1.057,-0.161],[-2.956,-2.298],[0,0],[0,0],[0.005,0.021],[-0.39,5.299],[-0.511,0.162],[-0.759,7.83],[0,0],[0,0],[-0.005,-0.137]],"o":[[0.005,0.142],[0.006,0.005],[-0.202,4.473],[-0.926,0.369],[0.334,2.415],[0,0],[0,0],[0,0],[-0.183,-0.455],[0.562,-0.081],[9.642,-2.976],[-3.123,-0.456],[0,0],[0,0],[0.006,0.046]],"v":[[8.981,-20.013],[8.996,-19.471],[8.996,-19.456],[-2.301,8.19],[-5.262,9.013],[-0.894,19.375],[-4.873,20.352],[-4.994,20.383],[-5.003,20.352],[-6.897,9.156],[-5.292,8.792],[6.359,-18.018],[-9.002,-20.383],[8.96,-20.383],[8.97,-20.169]],"c":true},"ix":2},"nm":"Path 1","mn":"ADBE Vector Shape - Group","hd":false},{"ty":"fl","c":{"a":0,"k":[0.122000002394,0.301999978458,0.611999990426,1],"ix":4},"o":{"a":0,"k":100,"ix":5},"r":1,"bm":0,"nm":"Fill 1","mn":"ADBE Vector Graphic - Fill","hd":false},{"ty":"tr","p":{"a":0,"k":[30.975,24.282],"ix":2},"a":{"a":0,"k":[0,0],"ix":1},"s":{"a":0,"k":[100,100],"ix":3},"r":{"a":0,"k":0,"ix":6},"o":{"a":0,"k":100,"ix":7},"sk":{"a":0,"k":0,"ix":4},"sa":{"a":0,"k":0,"ix":5},"nm":"Transform"}],"nm":"Group 2","np":2,"cix":2,"bm":0,"ix":2,"mn":"ADBE Vector Group","hd":false},{"ty":"gr","it":[{"ind":0,"ty":"sh","ix":1,"ks":{"a":0,"k":{"i":[[0.632,-0.398],[0.057,-0.032],[1.439,-0.011],[1.197,0.628],[0.101,0.062],[-0.142,0.734],[-1.104,0.947],[-1.036,0.008],[-0.746,0.538],[-0.464,-1.91]],"o":[[-0.097,0.063],[-1.189,0.646],[-1.444,0.011],[-0.058,-0.029],[-0.636,-0.388],[0.314,-1.62],[0.776,0.57],[0.99,-0.008],[1.07,0.846],[0.178,0.727]],"v":[[4.224,2.389],[3.991,2.534],[0.009,3.565],[-3.994,2.596],[-4.234,2.456],[-5.034,0.581],[-2.82,-3.576],[-0.046,-2.677],[2.605,-3.544],[4.998,0.503]],"c":true},"ix":2},"nm":"Path 1","mn":"ADBE Vector Shape - Group","hd":false},{"ty":"fl","c":{"a":0,"k":[0.808000033509,0.905999995213,0.929000016755,1],"ix":4},"o":{"a":0,"k":100,"ix":5},"r":1,"bm":0,"nm":"Fill 1","mn":"ADBE Vector Graphic - Fill","hd":false},{"ty":"tr","p":{"a":0,"k":[23.682,21.15],"ix":2},"a":{"a":0,"k":[0,0],"ix":1},"s":{"a":0,"k":[100,100],"ix":3},"r":{"a":0,"k":0,"ix":6},"o":{"a":0,"k":100,"ix":7},"sk":{"a":0,"k":0,"ix":4},"sa":{"a":0,"k":0,"ix":5},"nm":"Transform"}],"nm":"Group 3","np":2,"cix":2,"bm":0,"ix":3,"mn":"ADBE Vector Group","hd":false},{"ty":"gr","it":[{"ind":0,"ty":"sh","ix":1,"ks":{"a":0,"k":{"i":[[0.014,1.674],[-1.674,0.014],[-0.012,-1.675],[1.673,-0.013]],"o":[[-0.013,-1.674],[1.674,-0.012],[0.014,1.674],[-1.674,0.013]],"v":[[-3.035,0.024],[-0.026,-3.037],[3.034,-0.024],[0.023,3.036]],"c":true},"ix":2},"nm":"Path 1","mn":"ADBE Vector Shape - Group","hd":false},{"ty":"fl","c":{"a":0,"k":[0.808000033509,0.905999995213,0.929000016755,1],"ix":4},"o":{"a":0,"k":100,"ix":5},"r":1,"bm":0,"nm":"Fill 1","mn":"ADBE Vector Graphic - Fill","hd":false},{"ty":"tr","p":{"a":0,"k":[23.606,14.419],"ix":2},"a":{"a":0,"k":[0,0],"ix":1},"s":{"a":0,"k":[100,100],"ix":3},"r":{"a":0,"k":0,"ix":6},"o":{"a":0,"k":100,"ix":7},"sk":{"a":0,"k":0,"ix":4},"sa":{"a":0,"k":0,"ix":5},"nm":"Transform"}],"nm":"Group 4","np":2,"cix":2,"bm":0,"ix":4,"mn":"ADBE Vector Group","hd":false},{"ty":"gr","it":[{"ind":0,"ty":"sh","ix":1,"ks":{"a":0,"k":{"i":[[-0.025,-2.738],[4.105,-1.225],[0.679,-0.056],[0.263,0],[0.041,5.461],[-5.462,0.04],[-1.791,-1.705],[-0.03,-0.036]],"o":[[0.036,4.494],[-0.633,0.187],[-0.257,0.025],[-5.456,0.045],[-0.045,-5.451],[2.667,-0.025],[0.036,0.03],[1.813,1.771]],"v":[[9.885,-0.086],[2.835,9.46],[0.865,9.829],[0.081,9.87],[-9.875,0.066],[-0.07,-9.89],[6.818,-7.167],[6.919,-7.065]],"c":true},"ix":2},"nm":"Path 1","mn":"ADBE Vector Shape - Group","hd":false},{"ty":"fl","c":{"a":0,"k":[1,1,1,1],"ix":4},"o":{"a":0,"k":100,"ix":5},"r":1,"bm":0,"nm":"Fill 1","mn":"ADBE Vector Graphic - Fill","hd":false},{"ty":"tr","p":{"a":0,"k":[23.633,17.763],"ix":2},"a":{"a":0,"k":[0,0],"ix":1},"s":{"a":0,"k":[100,100],"ix":3},"r":{"a":0,"k":0,"ix":6},"o":{"a":0,"k":100,"ix":7},"sk":{"a":0,"k":0,"ix":4},"sa":{"a":0,"k":0,"ix":5},"nm":"Transform"}],"nm":"Group 5","np":2,"cix":2,"bm":0,"ix":5,"mn":"ADBE Vector Group","hd":false},{"ty":"gr","it":[{"ind":0,"ty":"sh","ix":1,"ks":{"a":0,"k":{"i":[[0,-0.504],[2.064,0],[0,0.503],[-2.065,0]],"o":[[0,0.503],[-2.065,0],[0,-0.504],[2.064,0]],"v":[[3.738,0],[0,0.912],[-3.738,0],[0,-0.912]],"c":true},"ix":2},"nm":"Path 1","mn":"ADBE Vector Shape - Group","hd":false},{"ty":"fl","c":{"a":0,"k":[0.875,0.964999988032,0.941000007181,1],"ix":4},"o":{"a":0,"k":100,"ix":5},"r":1,"bm":0,"nm":"Fill 1","mn":"ADBE Vector Graphic - Fill","hd":false},{"ty":"tr","p":{"a":0,"k":[11.474,2.076],"ix":2},"a":{"a":0,"k":[0,0],"ix":1},"s":{"a":0,"k":[100,100],"ix":3},"r":{"a":0,"k":0,"ix":6},"o":{"a":0,"k":100,"ix":7},"sk":{"a":0,"k":0,"ix":4},"sa":{"a":0,"k":0,"ix":5},"nm":"Transform"}],"nm":"Group 6","np":2,"cix":2,"bm":0,"ix":6,"mn":"ADBE Vector Group","hd":false},{"ty":"gr","it":[{"ind":0,"ty":"sh","ix":1,"ks":{"a":0,"k":{"i":[[0.607,-0.27],[0,0],[1.213,6.873],[0.805,0.278],[1.136,-1.016],[0,0],[-3.314,-1.147],[-0.364,-2.064]],"o":[[0,0],[0.138,-0.062],[-0.253,-1.437],[-2.039,-0.706],[0,0],[0.522,-0.467],[1.41,0.487],[1.434,8.13]],"v":[[-7.098,9.903],[-7.762,8.406],[4.715,-4.624],[3.119,-7.208],[-3.758,-4.157],[-4.85,-5.377],[3.654,-8.756],[6.328,-4.91]],"c":true},"ix":2},"nm":"Path 1","mn":"ADBE Vector Shape - Group","hd":false},{"ty":"fl","c":{"a":0,"k":[0.301999978458,0.501999978458,0.894000004787,1],"ix":4},"o":{"a":0,"k":100,"ix":5},"r":1,"bm":0,"nm":"Fill 1","mn":"ADBE Vector Graphic - Fill","hd":false},{"ty":"tr","p":{"a":0,"k":[39.601,19.697],"ix":2},"a":{"a":0,"k":[0,0],"ix":1},"s":{"a":0,"k":[100,100],"ix":3},"r":{"a":0,"k":0,"ix":6},"o":{"a":0,"k":100,"ix":7},"sk":{"a":0,"k":0,"ix":4},"sa":{"a":0,"k":0,"ix":5},"nm":"Transform"}],"nm":"Group 7","np":2,"cix":2,"bm":0,"ix":7,"mn":"ADBE Vector Group","hd":false},{"ty":"gr","it":[{"ind":0,"ty":"sh","ix":1,"ks":{"a":0,"k":{"i":[[-0.866,-0.106],[0,0],[0,0],[0,0],[0,0],[0,0],[-0.406,2.946],[0,0],[0,0],[0,0],[0,0],[-0.076,-0.566],[-0.01,-0.08],[-2.956,-2.297]],"o":[[0,0],[0,0],[0,0],[0,0],[0,0],[4.723,-0.577],[0.095,-0.688],[0,0],[0,0],[0,0],[0,0],[0.011,0.072],[0.334,2.415],[0.663,0.522]],"v":[[8.734,6.23],[0.007,6.23],[0.007,5.77],[-0.007,5.77],[-0.007,6.23],[-8.734,6.23],[-2.082,-5.122],[-1.952,-6.23],[-0.503,-6.169],[0.534,-6.169],[1.952,-6.23],[2.052,-5.33],[2.083,-5.107],[6.451,5.254]],"c":true},"ix":2},"nm":"Path 1","mn":"ADBE Vector Shape - Group","hd":false},{"ty":"fl","c":{"a":0,"k":[0.301999978458,0.501999978458,0.894000004787,1],"ix":4},"o":{"a":0,"k":100,"ix":5},"r":1,"bm":0,"nm":"Fill 1","mn":"ADBE Vector Graphic - Fill","hd":false},{"ty":"tr","p":{"a":0,"k":[23.63,38.403],"ix":2},"a":{"a":0,"k":[0,0],"ix":1},"s":{"a":0,"k":[100,100],"ix":3},"r":{"a":0,"k":0,"ix":6},"o":{"a":0,"k":100,"ix":7},"sk":{"a":0,"k":0,"ix":4},"sa":{"a":0,"k":0,"ix":5},"nm":"Transform"}],"nm":"Group 8","np":2,"cix":2,"bm":0,"ix":8,"mn":"ADBE Vector Group","hd":false},{"ty":"gr","it":[{"ind":0,"ty":"sh","ix":1,"ks":{"a":0,"k":{"i":[[0,-1.002],[0.329,-0.334],[0.137,-0.086],[0,0],[0.065,-0.025],[0,0],[-0.005,-0.137],[-0.005,-0.055],[0,-0.217],[0,-0.005],[9.657,-3.857],[1.057,-0.162],[0.011,0],[0.208,-0.015],[0.213,-0.01],[0.122,-0.006],[0,0],[0,0],[0,0],[0.122,0.004],[0.38,0.056],[0.035,0.01],[0.895,0.36],[0.208,4.474],[0,0],[0,0],[0.288,0.193],[0,0.638],[-0.334,0.329],[-0.501,0],[0,0]],"o":[[0,0.507],[-0.116,0.111],[0,0],[-0.197,0.112],[0,0],[0,0],[0.006,0.046],[0.005,0.142],[0.006,0.005],[-0.202,4.474],[-0.926,0.37],[-0.01,0],[-0.202,0.031],[-0.208,0.025],[-0.116,0.009],[0,0],[0,0],[0,0],[-0.116,-0.006],[-0.405,-0.021],[-0.04,-0.005],[-1.023,-0.162],[-9.658,-3.857],[0,0],[-0.025,-0.587],[0,0],[-0.496,-0.323],[0,-0.501],[0.329,-0.334],[0,0],[1.012,0]],"v":[[17.725,-14.78],[17.193,-13.484],[16.793,-13.185],[16.763,-13.171],[16.323,-12.963],[16.297,-12.953],[16.307,-12.74],[16.318,-12.583],[16.332,-12.042],[16.332,-12.026],[5.036,15.62],[2.075,16.445],[2.044,16.449],[1.432,16.521],[0.799,16.571],[0.44,16.586],[0.435,16.602],[-0.435,16.602],[-0.441,16.586],[-0.8,16.571],[-1.974,16.449],[-2.09,16.43],[-4.965,15.62],[-16.268,-12.026],[-16.268,-12.042],[-16.298,-12.953],[-16.905,-13.257],[-17.725,-14.78],[-17.189,-16.065],[-15.903,-16.602],[15.898,-16.602]],"c":true},"ix":2},"nm":"Path 1","mn":"ADBE Vector Shape - Group","hd":false},{"ty":"fl","c":{"a":0,"k":[0.301999978458,0.501999978458,0.894000004787,1],"ix":4},"o":{"a":0,"k":100,"ix":5},"r":1,"bm":0,"nm":"Fill 1","mn":"ADBE Vector Graphic - Fill","hd":false},{"ty":"tr","p":{"a":0,"k":[23.638,16.852],"ix":2},"a":{"a":0,"k":[0,0],"ix":1},"s":{"a":0,"k":[100,100],"ix":3},"r":{"a":0,"k":0,"ix":6},"o":{"a":0,"k":100,"ix":7},"sk":{"a":0,"k":0,"ix":4},"sa":{"a":0,"k":0,"ix":5},"nm":"Transform"}],"nm":"Group 9","np":2,"cix":2,"bm":0,"ix":9,"mn":"ADBE Vector Group","hd":false},{"ty":"gr","it":[{"ind":0,"ty":"sh","ix":1,"ks":{"a":0,"k":{"i":[[0,0],[-1.434,8.131],[-1.41,0.488],[-0.522,-0.467],[0,0],[0,0],[0,0],[2.046,-0.709],[0.252,-1.436],[-0.137,-0.061]],"o":[[-0.607,-0.269],[0.364,-2.064],[3.314,-1.147],[0,0],[0,0],[0,0],[-1.22,-1.088],[-0.804,0.279],[-1.214,6.873],[0,0]],"v":[[7.099,9.903],[-6.328,-4.91],[-3.654,-8.756],[4.85,-5.377],[3.758,-4.157],[4.304,-4.767],[3.758,-4.157],[-3.12,-7.208],[-4.714,-4.624],[7.762,8.406]],"c":true},"ix":2},"nm":"Path 1","mn":"ADBE Vector Shape - Group","hd":false},{"ty":"fl","c":{"a":0,"k":[0.301999978458,0.501999978458,0.894000004787,1],"ix":4},"o":{"a":0,"k":100,"ix":5},"r":1,"bm":0,"nm":"Fill 1","mn":"ADBE Vector Graphic - Fill","hd":false},{"ty":"tr","p":{"a":0,"k":[8.012,19.724],"ix":2},"a":{"a":0,"k":[0,0],"ix":1},"s":{"a":0,"k":[100,100],"ix":3},"r":{"a":0,"k":0,"ix":6},"o":{"a":0,"k":100,"ix":7},"sk":{"a":0,"k":0,"ix":4},"sa":{"a":0,"k":0,"ix":5},"nm":"Transform"}],"nm":"Group 10","np":2,"cix":2,"bm":0,"ix":10,"mn":"ADBE Vector Group","hd":false}],"ip":0,"op":1341,"st":0,"bm":0}]},{"id":"comp_2","layers":[{"ddd":0,"ind":1,"ty":0,"nm":"Left prize Comp 1","refId":"comp_3","sr":1,"ks":{"o":{"a":0,"k":100,"ix":11},"r":{"a":1,"k":[{"i":{"x":[0.833],"y":[0.833]},"o":{"x":[0.167],"y":[0.167]},"t":-8,"s":[-27]},{"i":{"x":[0.667],"y":[1]},"o":{"x":[0.167],"y":[0.167]},"t":20,"s":[0]},{"i":{"x":[0.833],"y":[0.833]},"o":{"x":[0.167],"y":[0.167]},"t":29,"s":[12]},{"i":{"x":[0.667],"y":[1]},"o":{"x":[0.357],"y":[0]},"t":30,"s":[12]},{"i":{"x":[0.833],"y":[0.833]},"o":{"x":[0.167],"y":[0.167]},"t":44,"s":[-3]},{"i":{"x":[0.833],"y":[1]},"o":{"x":[0.333],"y":[0]},"t":45,"s":[-3]},{"i":{"x":[0.833],"y":[1]},"o":{"x":[0.167],"y":[0]},"t":61,"s":[1.5]},{"t":93,"s":[0]}],"ix":10},"p":{"a":1,"k":[{"i":{"x":0.833,"y":0.833},"o":{"x":0.755,"y":0},"t":-8,"s":[236,937.5,0],"to":[3.167,-89.667,0],"ti":[-44.567,1.819,0]},{"i":{"x":0.833,"y":0.904},"o":{"x":0.167,"y":0.167},"t":22,"s":[482,700.5,0],"to":[28.334,-1.157,0],"ti":[1.125,-11.875,0]},{"i":{"x":0.833,"y":0.86},"o":{"x":0.167,"y":0.278},"t":29,"s":[515.625,721.625,0],"to":[-0.49,5.176,0],"ti":[13.5,13.375,0]},{"i":{"x":0.667,"y":1},"o":{"x":0.167,"y":0.211},"t":42,"s":[491.25,719.375,0],"to":[-8.125,-8.75,0],"ti":[0.5,1.375,0]},{"i":{"x":0.575,"y":0.265},"o":{"x":0.185,"y":0},"t":54,"s":[480.688,704.813,0],"to":[-0.244,-0.671,0],"ti":[-1.012,0.134,0]},{"i":{"x":0.703,"y":1},"o":{"x":0.341,"y":0.866},"t":70,"s":[481.863,705.259,0],"to":[1.012,-0.134,0],"ti":[-0.021,0.149,0]},{"t":99,"s":[482,703.5,0]}],"ix":2},"a":{"a":0,"k":[132,140.5,0],"ix":1},"s":{"a":1,"k":[{"i":{"x":[0.833,0.833,0.833],"y":[1,1,1]},"o":{"x":[0.333,0.333,0.333],"y":[0,0,0]},"t":-8,"s":[100,100,100]},{"t":20,"s":[100,100,100]}],"ix":6}},"ao":0,"w":268,"h":269,"ip":0,"op":1341,"st":0,"bm":0}]},{"id":"comp_3","layers":[{"ddd":0,"ind":1,"ty":4,"nm":"Left prize","sr":1,"ks":{"o":{"a":0,"k":100,"ix":11},"r":{"a":0,"k":0,"ix":10},"p":{"a":0,"k":[133.663,134.504,0],"ix":2},"a":{"a":0,"k":[23.806,22.59,0],"ix":1},"s":{"a":0,"k":[600,600,100],"ix":6}},"ao":0,"shapes":[{"ty":"gr","it":[{"ind":0,"ty":"sh","ix":1,"ks":{"a":0,"k":{"i":[[0,-1.708],[0,0],[-1.709,0],[0,0]],"o":[[0,0],[0,-1.708],[0,0],[1.709,0]],"v":[[10.727,1.546],[-10.727,1.546],[-7.633,-1.546],[7.633,-1.546]],"c":true},"ix":2},"nm":"Path 1","mn":"ADBE Vector Shape - Group","hd":false},{"ty":"fl","c":{"a":0,"k":[0.301999978458,0.501999978458,0.894000004787,1],"ix":4},"o":{"a":0,"k":100,"ix":5},"r":1,"bm":0,"nm":"Fill 1","mn":"ADBE Vector Graphic - Fill","hd":false},{"ty":"tr","p":{"a":0,"k":[23.621,43.384],"ix":2},"a":{"a":0,"k":[0,0],"ix":1},"s":{"a":0,"k":[100,100],"ix":3},"r":{"a":0,"k":0,"ix":6},"o":{"a":0,"k":100,"ix":7},"sk":{"a":0,"k":0,"ix":4},"sa":{"a":0,"k":0,"ix":5},"nm":"Transform"}],"nm":"Group 1","np":2,"cix":2,"bm":0,"ix":1,"mn":"ADBE Vector Group","hd":false},{"ty":"gr","it":[{"ind":0,"ty":"sh","ix":1,"ks":{"a":0,"k":{"i":[[-0.006,-0.056],[0,-0.218],[0,-0.006],[9.657,-3.857],[1.057,-0.162],[-2.956,-2.298],[0,0],[0,0],[0.005,0.021],[-0.39,5.3],[-0.512,0.162],[-0.76,7.83],[0,0],[0,0],[-0.005,-0.137]],"o":[[0.005,0.142],[0.005,0.005],[-0.202,4.473],[-0.927,0.369],[0.334,2.415],[0,0],[0,0],[0,0],[-0.182,-0.456],[0.562,-0.08],[9.641,-2.976],[-3.123,-0.456],[0,0],[0,0],[0.005,0.046]],"v":[[8.982,-20.013],[8.996,-19.471],[8.996,-19.456],[-2.301,8.19],[-5.262,9.013],[-0.893,19.375],[-4.872,20.352],[-4.993,20.383],[-5.004,20.352],[-6.897,9.156],[-5.291,8.792],[6.36,-18.018],[-9.001,-20.383],[8.96,-20.383],[8.97,-20.169]],"c":true},"ix":2},"nm":"Path 1","mn":"ADBE Vector Shape - Group","hd":false},{"ty":"fl","c":{"a":0,"k":[0.122000002394,0.301999978458,0.611999990426,1],"ix":4},"o":{"a":0,"k":100,"ix":5},"r":1,"bm":0,"nm":"Fill 1","mn":"ADBE Vector Graphic - Fill","hd":false},{"ty":"tr","p":{"a":0,"k":[30.974,24.282],"ix":2},"a":{"a":0,"k":[0,0],"ix":1},"s":{"a":0,"k":[100,100],"ix":3},"r":{"a":0,"k":0,"ix":6},"o":{"a":0,"k":100,"ix":7},"sk":{"a":0,"k":0,"ix":4},"sa":{"a":0,"k":0,"ix":5},"nm":"Transform"}],"nm":"Group 2","np":2,"cix":2,"bm":0,"ix":2,"mn":"ADBE Vector Group","hd":false},{"ty":"gr","it":[{"ind":0,"ty":"sh","ix":1,"ks":{"a":0,"k":{"i":[[0.643,-0.405],[0.058,-0.031],[1.463,-0.01],[1.216,0.638],[0.103,0.063],[-0.145,0.745],[-1.123,0.962],[-1.053,0.008],[-0.758,0.548],[-0.473,-1.941]],"o":[[-0.099,0.064],[-1.208,0.658],[-1.467,0.012],[-0.059,-0.03],[-0.645,-0.395],[0.319,-1.646],[0.789,0.581],[1.006,-0.008],[1.088,0.86],[0.18,0.738]],"v":[[4.294,2.428],[4.058,2.575],[0.009,3.623],[-4.059,2.64],[-4.303,2.497],[-5.116,0.591],[-2.866,-3.635],[-0.046,-2.721],[2.649,-3.602],[5.082,0.513]],"c":true},"ix":2},"nm":"Path 1","mn":"ADBE Vector Shape - Group","hd":false},{"ty":"fl","c":{"a":0,"k":[0.976000019148,0.795999983245,0.344999994016,1],"ix":4},"o":{"a":0,"k":100,"ix":5},"r":1,"bm":0,"nm":"Fill 1","mn":"ADBE Vector Graphic - Fill","hd":false},{"ty":"tr","p":{"a":0,"k":[23.682,21.201],"ix":2},"a":{"a":0,"k":[0,0],"ix":1},"s":{"a":0,"k":[100,100],"ix":3},"r":{"a":0,"k":0,"ix":6},"o":{"a":0,"k":100,"ix":7},"sk":{"a":0,"k":0,"ix":4},"sa":{"a":0,"k":0,"ix":5},"nm":"Transform"}],"nm":"Group 3","np":2,"cix":2,"bm":0,"ix":3,"mn":"ADBE Vector Group","hd":false},{"ty":"gr","it":[{"ind":0,"ty":"sh","ix":1,"ks":{"a":0,"k":{"i":[[0.014,1.702],[-1.702,0.013],[-0.014,-1.701],[1.703,-0.014]],"o":[[-0.013,-1.701],[1.701,-0.014],[0.014,1.701],[-1.701,0.013]],"v":[[-3.085,0.024],[-0.026,-3.086],[3.084,-0.024],[0.022,3.086]],"c":true},"ix":2},"nm":"Path 1","mn":"ADBE Vector Shape - Group","hd":false},{"ty":"fl","c":{"a":0,"k":[0.976000019148,0.795999983245,0.344999994016,1],"ix":4},"o":{"a":0,"k":100,"ix":5},"r":1,"bm":0,"nm":"Fill 1","mn":"ADBE Vector Graphic - Fill","hd":false},{"ty":"tr","p":{"a":0,"k":[23.605,14.359],"ix":2},"a":{"a":0,"k":[0,0],"ix":1},"s":{"a":0,"k":[100,100],"ix":3},"r":{"a":0,"k":0,"ix":6},"o":{"a":0,"k":100,"ix":7},"sk":{"a":0,"k":0,"ix":4},"sa":{"a":0,"k":0,"ix":5},"nm":"Transform"}],"nm":"Group 4","np":2,"cix":2,"bm":0,"ix":4,"mn":"ADBE Vector Group","hd":false},{"ty":"gr","it":[{"ind":0,"ty":"sh","ix":1,"ks":{"a":0,"k":{"i":[[-0.025,-2.738],[4.105,-1.225],[0.679,-0.056],[0.263,0],[0.04,5.462],[-5.461,0.04],[-1.792,-1.705],[-0.03,-0.036]],"o":[[0.035,4.494],[-0.633,0.187],[-0.257,0.025],[-5.456,0.045],[-0.046,-5.45],[2.668,-0.025],[0.035,0.03],[1.812,1.771]],"v":[[9.886,-0.086],[2.835,9.46],[0.866,9.829],[0.082,9.87],[-9.874,0.065],[-0.071,-9.89],[6.819,-7.167],[6.92,-7.065]],"c":true},"ix":2},"nm":"Path 1","mn":"ADBE Vector Shape - Group","hd":false},{"ty":"fl","c":{"a":0,"k":[1,1,1,1],"ix":4},"o":{"a":0,"k":100,"ix":5},"r":1,"bm":0,"nm":"Fill 1","mn":"ADBE Vector Graphic - Fill","hd":false},{"ty":"tr","p":{"a":0,"k":[23.632,17.763],"ix":2},"a":{"a":0,"k":[0,0],"ix":1},"s":{"a":0,"k":[100,100],"ix":3},"r":{"a":0,"k":0,"ix":6},"o":{"a":0,"k":100,"ix":7},"sk":{"a":0,"k":0,"ix":4},"sa":{"a":0,"k":0,"ix":5},"nm":"Transform"}],"nm":"Group 5","np":2,"cix":2,"bm":0,"ix":5,"mn":"ADBE Vector Group","hd":false},{"ty":"gr","it":[{"ind":0,"ty":"sh","ix":1,"ks":{"a":0,"k":{"i":[[0,-0.503],[2.063,0],[0,0.504],[-2.065,0]],"o":[[0,0.504],[-2.065,0],[0,-0.503],[2.063,0]],"v":[[3.738,0],[0.001,0.912],[-3.738,0],[0.001,-0.912]],"c":true},"ix":2},"nm":"Path 1","mn":"ADBE Vector Shape - Group","hd":false},{"ty":"fl","c":{"a":0,"k":[0.875,0.964999988032,0.941000007181,1],"ix":4},"o":{"a":0,"k":100,"ix":5},"r":1,"bm":0,"nm":"Fill 1","mn":"ADBE Vector Graphic - Fill","hd":false},{"ty":"tr","p":{"a":0,"k":[11.474,2.075],"ix":2},"a":{"a":0,"k":[0,0],"ix":1},"s":{"a":0,"k":[100,100],"ix":3},"r":{"a":0,"k":0,"ix":6},"o":{"a":0,"k":100,"ix":7},"sk":{"a":0,"k":0,"ix":4},"sa":{"a":0,"k":0,"ix":5},"nm":"Transform"}],"nm":"Group 6","np":2,"cix":2,"bm":0,"ix":6,"mn":"ADBE Vector Group","hd":false},{"ty":"gr","it":[{"ind":0,"ty":"sh","ix":1,"ks":{"a":0,"k":{"i":[[0.607,-0.27],[0,0],[1.213,6.874],[0.805,0.278],[1.136,-1.015],[0,0],[-3.314,-1.147],[-0.364,-2.064]],"o":[[0,0],[0.137,-0.061],[-0.252,-1.436],[-2.039,-0.706],[0,0],[0.522,-0.467],[1.41,0.487],[1.434,8.13]],"v":[[-7.099,9.903],[-7.762,8.405],[4.714,-4.625],[3.119,-7.208],[-3.758,-4.158],[-4.85,-5.377],[3.654,-8.756],[6.328,-4.91]],"c":true},"ix":2},"nm":"Path 1","mn":"ADBE Vector Shape - Group","hd":false},{"ty":"fl","c":{"a":0,"k":[0.301999978458,0.501999978458,0.894000004787,1],"ix":4},"o":{"a":0,"k":100,"ix":5},"r":1,"bm":0,"nm":"Fill 1","mn":"ADBE Vector Graphic - Fill","hd":false},{"ty":"tr","p":{"a":0,"k":[39.601,19.697],"ix":2},"a":{"a":0,"k":[0,0],"ix":1},"s":{"a":0,"k":[100,100],"ix":3},"r":{"a":0,"k":0,"ix":6},"o":{"a":0,"k":100,"ix":7},"sk":{"a":0,"k":0,"ix":4},"sa":{"a":0,"k":0,"ix":5},"nm":"Transform"}],"nm":"Group 7","np":2,"cix":2,"bm":0,"ix":7,"mn":"ADBE Vector Group","hd":false},{"ty":"gr","it":[{"ind":0,"ty":"sh","ix":1,"ks":{"a":0,"k":{"i":[[-0.865,-0.106],[0,0],[0,0],[0,0],[0,0],[0,0],[-0.405,2.946],[0,0],[0,0],[0,0],[0,0],[-0.076,-0.566],[-0.01,-0.081],[-2.956,-2.297]],"o":[[0,0],[0,0],[0,0],[0,0],[0,0],[4.723,-0.577],[0.096,-0.688],[0,0],[0,0],[0,0],[0,0],[0.01,0.072],[0.334,2.415],[0.663,0.521]],"v":[[8.734,6.23],[0.008,6.23],[0.008,5.77],[-0.008,5.77],[-0.008,6.23],[-8.734,6.23],[-2.083,-5.122],[-1.952,-6.23],[-0.504,-6.169],[0.534,-6.169],[1.951,-6.23],[2.052,-5.33],[2.083,-5.107],[6.451,5.254]],"c":true},"ix":2},"nm":"Path 1","mn":"ADBE Vector Shape - Group","hd":false},{"ty":"fl","c":{"a":0,"k":[0.301999978458,0.501999978458,0.894000004787,1],"ix":4},"o":{"a":0,"k":100,"ix":5},"r":1,"bm":0,"nm":"Fill 1","mn":"ADBE Vector Graphic - Fill","hd":false},{"ty":"tr","p":{"a":0,"k":[23.629,38.403],"ix":2},"a":{"a":0,"k":[0,0],"ix":1},"s":{"a":0,"k":[100,100],"ix":3},"r":{"a":0,"k":0,"ix":6},"o":{"a":0,"k":100,"ix":7},"sk":{"a":0,"k":0,"ix":4},"sa":{"a":0,"k":0,"ix":5},"nm":"Transform"}],"nm":"Group 8","np":2,"cix":2,"bm":0,"ix":8,"mn":"ADBE Vector Group","hd":false},{"ty":"gr","it":[{"ind":0,"ty":"sh","ix":1,"ks":{"a":0,"k":{"i":[[0,-1.002],[0.329,-0.334],[0.137,-0.086],[0,0],[0.065,-0.025],[0,0],[-0.005,-0.137],[-0.006,-0.055],[0,-0.217],[0,-0.006],[9.657,-3.857],[1.057,-0.162],[0.01,0],[0.207,-0.015],[0.213,-0.01],[0.121,-0.005],[0,0],[0,0],[0,0],[0.121,0.004],[0.379,0.056],[0.036,0.01],[0.895,0.36],[0.208,4.474],[0,0],[0,0],[0.289,0.193],[0,0.638],[-0.334,0.329],[-0.501,0],[0,0]],"o":[[0,0.506],[-0.116,0.111],[0,0],[-0.198,0.112],[0,0],[0,0],[0.005,0.046],[0.005,0.142],[0.005,0.005],[-0.202,4.474],[-0.927,0.37],[-0.01,0],[-0.202,0.031],[-0.208,0.025],[-0.116,0.009],[0,0],[0,0],[0,0],[-0.116,-0.005],[-0.406,-0.021],[-0.041,-0.005],[-1.022,-0.162],[-9.658,-3.857],[0,0],[-0.026,-0.587],[0,0],[-0.496,-0.323],[0,-0.501],[0.329,-0.334],[0,0],[1.013,0]],"v":[[17.725,-14.78],[17.194,-13.484],[16.793,-13.185],[16.763,-13.171],[16.324,-12.963],[16.298,-12.953],[16.307,-12.74],[16.319,-12.583],[16.332,-12.042],[16.332,-12.026],[5.036,15.62],[2.075,16.445],[2.044,16.449],[1.432,16.521],[0.799,16.571],[0.44,16.586],[0.436,16.602],[-0.436,16.602],[-0.441,16.586],[-0.8,16.571],[-1.974,16.449],[-2.09,16.43],[-4.965,15.62],[-16.267,-12.026],[-16.267,-12.042],[-16.298,-12.953],[-16.905,-13.257],[-17.725,-14.78],[-17.189,-16.065],[-15.904,-16.602],[15.897,-16.602]],"c":true},"ix":2},"nm":"Path 1","mn":"ADBE Vector Shape - Group","hd":false},{"ty":"fl","c":{"a":0,"k":[0.301999978458,0.501999978458,0.894000004787,1],"ix":4},"o":{"a":0,"k":100,"ix":5},"r":1,"bm":0,"nm":"Fill 1","mn":"ADBE Vector Graphic - Fill","hd":false},{"ty":"tr","p":{"a":0,"k":[23.637,16.852],"ix":2},"a":{"a":0,"k":[0,0],"ix":1},"s":{"a":0,"k":[100,100],"ix":3},"r":{"a":0,"k":0,"ix":6},"o":{"a":0,"k":100,"ix":7},"sk":{"a":0,"k":0,"ix":4},"sa":{"a":0,"k":0,"ix":5},"nm":"Transform"}],"nm":"Group 9","np":2,"cix":2,"bm":0,"ix":9,"mn":"ADBE Vector Group","hd":false},{"ty":"gr","it":[{"ind":0,"ty":"sh","ix":1,"ks":{"a":0,"k":{"i":[[0,0],[-1.434,8.13],[-1.41,0.487],[-0.522,-0.467],[0,0],[0,0],[0,0],[2.046,-0.709],[0.253,-1.435],[-0.138,-0.061]],"o":[[-0.607,-0.27],[0.364,-2.064],[3.314,-1.148],[0,0],[0,0],[0,0],[-1.22,-1.088],[-0.805,0.279],[-1.213,6.874],[0,0]],"v":[[7.098,9.903],[-6.328,-4.91],[-3.654,-8.756],[4.85,-5.376],[3.757,-4.157],[4.304,-4.767],[3.758,-4.157],[-3.12,-7.207],[-4.715,-4.624],[7.762,8.405]],"c":true},"ix":2},"nm":"Path 1","mn":"ADBE Vector Shape - Group","hd":false},{"ty":"fl","c":{"a":0,"k":[0.301999978458,0.501999978458,0.894000004787,1],"ix":4},"o":{"a":0,"k":100,"ix":5},"r":1,"bm":0,"nm":"Fill 1","mn":"ADBE Vector Graphic - Fill","hd":false},{"ty":"tr","p":{"a":0,"k":[8.012,19.697],"ix":2},"a":{"a":0,"k":[0,0],"ix":1},"s":{"a":0,"k":[100,100],"ix":3},"r":{"a":0,"k":0,"ix":6},"o":{"a":0,"k":100,"ix":7},"sk":{"a":0,"k":0,"ix":4},"sa":{"a":0,"k":0,"ix":5},"nm":"Transform"}],"nm":"Group 10","np":2,"cix":2,"bm":0,"ix":10,"mn":"ADBE Vector Group","hd":false}],"ip":0,"op":1341,"st":0,"bm":0}]},{"id":"comp_4","layers":[{"ddd":0,"ind":1,"ty":0,"nm":"Gold prize 2 Comp 1","refId":"comp_5","sr":1,"ks":{"o":{"a":0,"k":100,"ix":11},"r":{"a":0,"k":0,"ix":10},"p":{"a":0,"k":[207.5,232.5,0],"ix":2},"a":{"a":0,"k":[207.5,232.5,0],"ix":1},"s":{"a":0,"k":[100,100,100],"ix":6}},"ao":0,"hasMask":true,"masksProperties":[{"inv":false,"mode":"a","pt":{"a":0,"k":{"i":[[0,0],[3.25,-2],[-8.75,-10.25],[0,0],[-9,-16.25],[-0.917,-1.312],[-11.371,-7.694],[-9.25,2.25],[-12.07,8.097],[-1.914,48.172],[2.768,7.836],[0,0],[-0.438,0.25],[2.832,3.976]],"o":[[0,0],[-3.25,2],[5.359,6.278],[0,0],[10.671,19.268],[29,41.5],[33.25,22.5],[9.25,-2.25],[19.75,-13.25],[2.875,-72.375],[-14.75,-41.75],[0,0],[8.375,-6.25],[-5.875,-8.25]],"v":[[295.563,10.188],[56.25,113.75],[53.75,137],[73.25,156.25],[99.25,212],[134.5,269.25],[199.25,335.5],[278,352.75],[315.5,336.5],[361.375,249.375],[339,111.5],[308.125,38],[308.25,36.25],[310.625,15.75]],"c":true},"ix":1},"o":{"a":0,"k":100,"ix":3},"x":{"a":0,"k":0,"ix":4},"nm":"Mask 1"}],"w":415,"h":465,"ip":0,"op":1341,"st":0,"bm":0},{"ddd":0,"ind":2,"ty":4,"nm":"Gold prize","sr":1,"ks":{"o":{"a":0,"k":100,"ix":11},"r":{"a":0,"k":0,"ix":10},"p":{"a":0,"k":[211.149,232.031,0],"ix":2},"a":{"a":0,"k":[35.318,38.974,0],"ix":1},"s":{"a":0,"k":[600,600,100],"ix":6}},"ao":0,"shapes":[{"ty":"gr","it":[{"ind":0,"ty":"sh","ix":1,"ks":{"a":0,"k":{"i":[[1.336,2.202],[2.086,10.457],[0,0],[0,0],[1.544,3.386],[0,0],[0.267,-0.111],[0,0],[-4.211,0.961],[8.7,-6.803],[-3.983,-3.113],[0,0]],"o":[[8.776,-5.477],[0,0],[0,0],[-1.778,-7.06],[0,0],[-0.222,0.182],[0,0],[0.582,-0.116],[11.024,25.671],[0.642,1.711],[0,0],[-3.589,-2.389]],"v":[[8.627,19.787],[15.723,-7.398],[15.708,-7.479],[14.929,-10.935],[8.966,-27.703],[7.66,-30.406],[6.927,-29.961],[-17.809,-19.252],[5.448,-25.411],[6.021,20.208],[12.914,30.406],[16.543,28.838]],"c":true},"ix":2},"nm":"Path 1","mn":"ADBE Vector Shape - Group","hd":false},{"ty":"fl","c":{"a":0,"k":[1,0.573000021542,0.204000001795,1],"ix":4},"o":{"a":0,"k":100,"ix":5},"r":1,"bm":0,"nm":"Fill 1","mn":"ADBE Vector Graphic - Fill","hd":false},{"ty":"tr","p":{"a":0,"k":[43.7,36.781],"ix":2},"a":{"a":0,"k":[0,0],"ix":1},"s":{"a":0,"k":[100,100],"ix":3},"r":{"a":0,"k":0,"ix":6},"o":{"a":0,"k":100,"ix":7},"sk":{"a":0,"k":0,"ix":4},"sa":{"a":0,"k":0,"ix":5},"nm":"Transform"}],"nm":"Orange shadow","np":2,"cix":2,"bm":0,"ix":1,"mn":"ADBE Vector Group","hd":false},{"ty":"gr","it":[{"ind":0,"ty":"sh","ix":1,"ks":{"a":0,"k":{"i":[[4.707,-6.454],[0,0],[3.664,5.567],[1.356,-0.101],[1.65,-2.651],[0,0],[-0.151,0.218],[-0.117,0.157],[-2.809,0.207],[-1.842,-2.794]],"o":[[0,0],[4.044,-5.973],[-1.282,-1.938],[-2.424,0.177],[0,0],[0.202,-0.167],[0.112,-0.157],[1.766,-2.404],[2.379,-0.178],[4.95,7.507]],"v":[[-1.465,14.526],[-2.244,11.07],[2.382,-8.974],[-1.592,-11.742],[-8.207,-5.699],[-9.513,-8.401],[-8.977,-8.983],[-8.637,-9.449],[-1.789,-14.349],[4.563,-10.406]],"c":true},"ix":2},"nm":"Path 1","mn":"ADBE Vector Shape - Group","hd":false},{"ty":"fl","c":{"a":0,"k":[0.976000019148,0.795999983245,0.344999994016,1],"ix":4},"o":{"a":0,"k":100,"ix":5},"r":1,"bm":0,"nm":"Fill 1","mn":"ADBE Vector Graphic - Fill","hd":false},{"ty":"tr","p":{"a":0,"k":[60.873,14.777],"ix":2},"a":{"a":0,"k":[0,0],"ix":1},"s":{"a":0,"k":[100,100],"ix":3},"r":{"a":0,"k":0,"ix":6},"o":{"a":0,"k":100,"ix":7},"sk":{"a":0,"k":0,"ix":4},"sa":{"a":0,"k":0,"ix":5},"nm":"Transform"}],"nm":"hand","np":2,"cix":2,"bm":0,"ix":2,"mn":"ADBE Vector Group","hd":false},{"ty":"gr","it":[{"ind":0,"ty":"sh","ix":1,"ks":{"a":0,"k":{"i":[[0.566,-0.804],[0.055,-0.066],[1.743,-0.741],[1.771,0.16],[0.153,0.024],[0.197,0.962],[-0.865,1.709],[-1.255,0.533],[-0.635,1.032],[-1.528,-2.087]],"o":[[-0.085,0.126],[-1.117,1.386],[-1.749,0.743],[-0.086,-0.006],[-0.969,-0.153],[-0.437,-2.127],[1.231,0.301],[1.198,-0.509],[1.729,0.489],[0.582,0.793]],"v":[[6.014,0.917],[5.803,1.21],[1.486,4.474],[-3.868,5.317],[-4.23,5.27],[-6.149,3.395],[-5.557,-2.777],[-1.731,-3.084],[1.052,-5.477],[6.004,-1.766]],"c":true},"ix":2},"nm":"Path 1","mn":"ADBE Vector Shape - Group","hd":false},{"ty":"fl","c":{"a":0,"k":[0.301999978458,0.501999978458,0.894000004787,1],"ix":4},"o":{"a":0,"k":100,"ix":5},"r":1,"bm":0,"nm":"Fill 1","mn":"ADBE Vector Graphic - Fill","hd":false},{"ty":"tr","p":{"a":0,"k":[41.867,38.075],"ix":2},"a":{"a":0,"k":[0,0],"ix":1},"s":{"a":0,"k":[100,100],"ix":3},"r":{"a":0,"k":0,"ix":6},"o":{"a":0,"k":100,"ix":7},"sk":{"a":0,"k":0,"ix":4},"sa":{"a":0,"k":0,"ix":5},"nm":"Transform"}],"nm":"Group 6","np":2,"cix":2,"bm":0,"ix":3,"mn":"ADBE Vector Group","hd":false},{"ty":"gr","it":[{"ind":0,"ty":"sh","ix":1,"ks":{"a":0,"k":{"i":[[0.861,2.028],[-2.027,0.861],[-0.862,-2.028],[2.029,-0.861]],"o":[[-0.861,-2.027],[2.029,-0.861],[0.861,2.027],[-2.027,0.862]],"v":[[-3.676,1.56],[-1.565,-3.678],[3.676,-1.562],[1.559,3.677]],"c":true},"ix":2},"nm":"Path 1","mn":"ADBE Vector Shape - Group","hd":false},{"ty":"fl","c":{"a":0,"k":[0.301999978458,0.501999978458,0.894000004787,1],"ix":4},"o":{"a":0,"k":100,"ix":5},"r":1,"bm":0,"nm":"Fill 1","mn":"ADBE Vector Graphic - Fill","hd":false},{"ty":"tr","p":{"a":0,"k":[38.052,30.079],"ix":2},"a":{"a":0,"k":[0,0],"ix":1},"s":{"a":0,"k":[100,100],"ix":3},"r":{"a":0,"k":0,"ix":6},"o":{"a":0,"k":100,"ix":7},"sk":{"a":0,"k":0,"ix":4},"sa":{"a":0,"k":0,"ix":5},"nm":"Transform"}],"nm":"Group 7","np":2,"cix":2,"bm":0,"ix":4,"mn":"ADBE Vector Group","hd":false},{"ty":"gr","it":[{"ind":0,"ty":"sh","ix":1,"ks":{"a":0,"k":{"i":[[4.312,-3.513],[1.145,-0.485],[2.768,6.519],[-6.519,2.769],[-2.992,-1.154],[-1.417,-3.33]],"o":[[-0.916,0.744],[-6.513,2.769],[-2.769,-6.514],[3.188,-1.357],[3.133,1.199],[2.282,5.37]],"v":[[8.347,9.235],[5.254,11.097],[-11.559,4.305],[-4.767,-12.509],[4.845,-12.671],[12.046,-5.717]],"c":true},"ix":2},"nm":"Path 1","mn":"ADBE Vector Shape - Group","hd":false},{"ty":"fl","c":{"a":0,"k":[1,1,1,1],"ix":4},"o":{"a":0,"k":100,"ix":5},"r":1,"bm":0,"nm":"Fill 1","mn":"ADBE Vector Graphic - Fill","hd":false},{"ty":"tr","p":{"a":0,"k":[39.531,34.825],"ix":2},"a":{"a":0,"k":[0,0],"ix":1},"s":{"a":0,"k":[100,100],"ix":3},"r":{"a":0,"k":0,"ix":6},"o":{"a":0,"k":100,"ix":7},"sk":{"a":0,"k":0,"ix":4},"sa":{"a":0,"k":0,"ix":5},"nm":"Transform"}],"nm":"Group 8","np":2,"cix":2,"bm":0,"ix":5,"mn":"ADBE Vector Group","hd":false},{"ty":"gr","it":[{"ind":0,"ty":"sh","ix":1,"ks":{"a":0,"k":{"i":[[-0.268,-0.619],[1.269,-0.549],[0.269,0.619],[-1.269,0.548]],"o":[[0.268,0.62],[-1.269,0.549],[-0.267,-0.62],[1.269,-0.549]],"v":[[2.298,-0.994],[0.485,1.122],[-2.299,0.994],[-0.485,-1.122]],"c":true},"ix":2},"nm":"Path 1","mn":"ADBE Vector Shape - Group","hd":false},{"ty":"fl","c":{"a":0,"k":[1,1,1,1],"ix":4},"o":{"a":0,"k":100,"ix":5},"r":1,"bm":0,"nm":"Fill 1","mn":"ADBE Vector Graphic - Fill","hd":false},{"ty":"tr","p":{"a":0,"k":[23.686,15.784],"ix":2},"a":{"a":0,"k":[0,0],"ix":1},"s":{"a":0,"k":[100,100],"ix":3},"r":{"a":0,"k":0,"ix":6},"o":{"a":0,"k":100,"ix":7},"sk":{"a":0,"k":0,"ix":4},"sa":{"a":0,"k":0,"ix":5},"nm":"Transform"}],"nm":"Group 9","np":2,"cix":2,"bm":0,"ix":6,"mn":"ADBE Vector Group","hd":false},{"ty":"gr","it":[{"ind":0,"ty":"sh","ix":1,"ks":{"a":0,"k":{"i":[[-0.268,-0.619],[2.538,-1.097],[0.267,0.619],[-2.538,1.097]],"o":[[0.268,0.62],[-2.538,1.098],[-0.268,-0.62],[2.538,-1.097]],"v":[[4.596,-1.987],[0.485,1.121],[-4.596,1.987],[-0.485,-1.122]],"c":true},"ix":2},"nm":"Path 1","mn":"ADBE Vector Shape - Group","hd":false},{"ty":"fl","c":{"a":0,"k":[1,1,1,1],"ix":4},"o":{"a":0,"k":100,"ix":5},"r":1,"bm":0,"nm":"Fill 1","mn":"ADBE Vector Graphic - Fill","hd":false},{"ty":"tr","p":{"a":0,"k":[15.45,19.344],"ix":2},"a":{"a":0,"k":[0,0],"ix":1},"s":{"a":0,"k":[100,100],"ix":3},"r":{"a":0,"k":0,"ix":6},"o":{"a":0,"k":100,"ix":7},"sk":{"a":0,"k":0,"ix":4},"sa":{"a":0,"k":0,"ix":5},"nm":"Transform"}],"nm":"Group 10","np":2,"cix":2,"bm":0,"ix":7,"mn":"ADBE Vector Group","hd":false},{"ty":"gr","it":[{"ind":0,"ty":"sh","ix":1,"ks":{"a":0,"k":{"i":[[-0.197,-0.457],[2.094,-0.906],[0.197,0.458],[-2.094,0.905]],"o":[[0.198,0.458],[-2.093,0.904],[-0.198,-0.457],[2.093,-0.906]],"v":[[3.791,-1.639],[0.358,0.829],[-3.791,1.638],[-0.358,-0.828]],"c":true},"ix":2},"nm":"Path 1","mn":"ADBE Vector Shape - Group","hd":false},{"ty":"fl","c":{"a":0,"k":[1,1,1,1],"ix":4},"o":{"a":0,"k":100,"ix":5},"r":1,"bm":0,"nm":"Fill 1","mn":"ADBE Vector Graphic - Fill","hd":false},{"ty":"tr","p":{"a":0,"k":[48.524,72.829],"ix":2},"a":{"a":0,"k":[0,0],"ix":1},"s":{"a":0,"k":[100,100],"ix":3},"r":{"a":0,"k":0,"ix":6},"o":{"a":0,"k":100,"ix":7},"sk":{"a":0,"k":0,"ix":4},"sa":{"a":0,"k":0,"ix":5},"nm":"Transform"}],"nm":"Group 11","np":2,"cix":2,"bm":0,"ix":8,"mn":"ADBE Vector Group","hd":false},{"ty":"gr","it":[{"ind":0,"ty":"sh","ix":1,"ks":{"a":0,"k":{"i":[[2.101,-0.907],[0,0],[0.39,-0.985],[-0.454,-1.049],[0,0]],"o":[[0,0],[-1.05,0.454],[-0.391,0.984],[0,0],[-0.907,-2.101]],"v":[[7.972,-6.329],[-10.806,1.788],[-13.014,4.067],[-12.962,7.236],[13.416,-4.166]],"c":true},"ix":2},"nm":"Path 1","mn":"ADBE Vector Shape - Group","hd":false},{"ty":"fl","c":{"a":0,"k":[0.976000019148,0.795999983245,0.344999994016,1],"ix":4},"o":{"a":0,"k":100,"ix":5},"r":1,"bm":0,"nm":"Fill 1","mn":"ADBE Vector Graphic - Fill","hd":false},{"ty":"tr","p":{"a":0,"k":[55.711,70.461],"ix":2},"a":{"a":0,"k":[0,0],"ix":1},"s":{"a":0,"k":[100,100],"ix":3},"r":{"a":0,"k":0,"ix":6},"o":{"a":0,"k":100,"ix":7},"sk":{"a":0,"k":0,"ix":4},"sa":{"a":0,"k":0,"ix":5},"nm":"Transform"}],"nm":"Group 12","np":2,"cix":2,"bm":0,"ix":9,"mn":"ADBE Vector Group","hd":false},{"ty":"gr","it":[{"ind":0,"ty":"sh","ix":1,"ks":{"a":0,"k":{"i":[[2.622,0.981],[1.363,0.896],[0.142,0.106],[0.633,2.115],[0.035,0.152],[0.036,0.188],[0.005,0.426],[-0.688,0.623],[-0.238,0.131],[-1.781,-0.102],[-0.977,-0.182],[-0.041,-0.091],[-0.461,-1.017],[-0.343,-0.724],[-0.172,-0.359],[-0.749,-1.387],[-0.212,-0.38],[-0.814,-1.301],[-0.065,-0.106],[-0.107,-0.167]],"o":[[-1.66,-0.618],[-0.151,-0.096],[-1.923,-1.362],[-0.05,-0.147],[-0.046,-0.197],[-0.095,-0.496],[-0.035,-1.255],[0.193,-0.177],[1.194,-0.669],[1.033,0.056],[0.035,0.087],[0.313,0.769],[0.288,0.648],[0.162,0.344],[0.608,1.251],[0.198,0.369],[0.704,1.265],[0.066,0.105],[0.102,0.167],[-2.617,-0.445]],"v":[[-18.026,3.774],[-22.622,1.511],[-23.062,1.208],[-27.081,-3.965],[-27.207,-4.421],[-27.329,-4.998],[-27.48,-6.39],[-26.504,-9.214],[-25.855,-9.674],[-21.154,-10.393],[-18.096,-10.009],[-17.985,-9.74],[-16.821,-7.038],[-15.875,-4.977],[-15.369,-3.92],[-13.329,0.059],[-12.716,1.177],[-10.444,5.045],[-10.247,5.358],[-9.932,5.859]],"c":true},"ix":2},"nm":"Path 1","mn":"ADBE Vector Shape - Group","hd":false},{"ind":1,"ty":"sh","ix":2,"ks":{"a":0,"k":{"i":[[0.07,1.453],[0.02,0.293],[0.136,1.048],[0.051,0.329],[0.055,0.319],[0.127,0.633],[0,0],[0,0],[0,0],[0.097,0.369],[1.463,3.209],[0,0],[0.152,0.314],[0,0],[-0.234,0.583],[0.268,0.618],[1.239,-0.537],[0,0],[0,0],[0,0],[0,0],[0,0],[0,0],[0,0],[0.146,-0.107],[0.162,-0.415],[-0.268,-0.617],[-0.273,-0.233],[0.142,0.005],[1.635,-1.073],[0.233,-0.212],[0.167,-0.213],[0.055,-1.443],[-0.102,-0.678],[-0.011,-0.066],[-0.081,-0.334],[-0.79,-1.113],[-0.38,-0.405],[-0.328,-0.294],[-3.265,-1.058],[-0.846,-0.217],[-2.09,-0.278],[-0.208,-0.284],[-0.132,-0.172],[-0.775,-0.9],[-0.937,-0.916],[-0.526,-0.46],[-1.083,-0.719],[-3.629,0.005],[-1.346,0.349],[-0.065,-0.264],[-0.106,-0.48],[0.551,-3.244],[0,0],[1.013,1.083],[0.754,1.033],[0.248,0.369],[0.304,0.501],[-0.183,0.127],[-0.111,0.08],[0,0],[-0.36,0.318],[0,0],[-0.324,0.344],[-0.46,0.673],[-0.01,0.015],[-0.263,0.486],[-0.187,0.42],[-0.118,0.299],[-0.198,0.758],[-0.136,1.19],[0,0],[-0.025,0.435]],"o":[[-0.011,-0.293],[-0.066,-1.038],[-0.046,-0.334],[-0.045,-0.324],[-0.102,-0.637],[0,0],[0,0],[0,0],[-0.096,-0.374],[-1.766,-6.605],[0,0],[-0.374,-0.82],[-0.086,-0.167],[0,0],[0.227,-0.582],[-0.537,-1.239],[0,0],[0,0],[0,0],[0,0],[0,0],[0,0],[0,0],[-0.172,0.076],[-0.38,0.278],[-0.232,0.587],[0.152,0.355],[-0.137,-0.005],[-2.161,-0.056],[-0.263,0.162],[-0.207,0.188],[-0.794,0.966],[-0.031,0.602],[0.01,0.066],[0.056,0.319],[0.329,1.391],[0.319,0.451],[0.293,0.319],[2.343,2.09],[0.841,0.273],[2.379,0.618],[0.203,0.288],[0.126,0.172],[0.714,0.952],[0.866,1.018],[0.506,0.501],[1.018,0.891],[3.128,2.075],[1.296,0],[0.061,0.222],[0.102,0.4],[0.618,2.769],[0,0],[-1.184,-0.79],[-0.981,-1.048],[-0.294,-0.4],[-0.471,-0.683],[0.193,-0.121],[0.111,-0.077],[0,0],[0.4,-0.284],[0,0],[0.365,-0.319],[0.577,-0.608],[0.006,-0.016],[0.314,-0.455],[0.223,-0.4],[0.126,-0.289],[0.278,-0.718],[0.293,-1.12],[0,0],[0.051,-0.426],[0.112,-1.403]],"v":[[30.053,1.045],[30.002,0.17],[29.694,-2.953],[29.551,-3.945],[29.4,-4.907],[29.05,-6.815],[29.036,-6.896],[28.428,-9.599],[28.256,-10.353],[27.967,-11.466],[22.293,-27.121],[21.985,-27.759],[21.175,-29.485],[21.048,-29.743],[21.864,-30.872],[21.833,-32.745],[18.62,-34.02],[5.505,-28.351],[0.12,-26.023],[-8.555,-22.272],[-11.036,-21.199],[-16.674,-18.76],[-19.675,-17.464],[-20.491,-17.115],[-20.966,-16.841],[-21.792,-15.773],[-21.766,-13.901],[-21.113,-13.015],[-21.533,-13.035],[-27.521,-11.709],[-28.265,-11.143],[-28.827,-10.545],[-30.092,-6.921],[-29.98,-4.998],[-29.95,-4.8],[-29.748,-3.818],[-28.037,-0.063],[-26.989,1.223],[-26.053,2.139],[-17.307,6.775],[-14.776,7.509],[-7.949,8.815],[-7.331,9.67],[-6.946,10.186],[-4.714,12.975],[-2.006,15.885],[-0.458,17.328],[2.696,19.753],[12.854,23.103],[16.817,22.582],[17.004,23.311],[17.318,24.636],[17.987,34.557],[29.87,29.42],[26.555,26.535],[23.934,23.341],[23.119,22.177],[21.954,20.37],[22.511,20.001],[22.84,19.768],[22.845,19.768],[23.995,18.867],[24.085,18.791],[25.118,17.794],[26.671,15.871],[26.697,15.83],[27.557,14.418],[28.17,13.183],[28.535,12.302],[29.248,10.086],[29.885,6.628],[29.885,6.624],[30.002,5.333]],"c":true},"ix":2},"nm":"Path 2","mn":"ADBE Vector Shape - Group","hd":false},{"ty":"fl","c":{"a":0,"k":[0.976000019148,0.795999983245,0.344999994016,1],"ix":4},"o":{"a":0,"k":100,"ix":5},"r":1,"bm":0,"nm":"Fill 1","mn":"ADBE Vector Graphic - Fill","hd":false},{"ty":"tr","p":{"a":0,"k":[30.373,36.2],"ix":2},"a":{"a":0,"k":[0,0],"ix":1},"s":{"a":0,"k":[100,100],"ix":3},"r":{"a":0,"k":0,"ix":6},"o":{"a":0,"k":100,"ix":7},"sk":{"a":0,"k":0,"ix":4},"sa":{"a":0,"k":0,"ix":5},"nm":"Transform"}],"nm":"Group 13","np":3,"cix":2,"bm":0,"ix":10,"mn":"ADBE Vector Group","hd":false}],"ip":0,"op":1341,"st":0,"bm":0}]},{"id":"comp_5","layers":[{"ddd":0,"ind":1,"ty":4,"nm":"Gold prize 3","sr":1,"ks":{"o":{"a":0,"k":100,"ix":11},"r":{"a":1,"k":[{"i":{"x":[0.667],"y":[1]},"o":{"x":[0.333],"y":[0]},"t":99,"s":[-8]},{"i":{"x":[0.667],"y":[1]},"o":{"x":[0.333],"y":[0]},"t":130,"s":[-12]},{"t":160,"s":[0]}],"ix":10},"p":{"a":1,"k":[{"i":{"x":0.377,"y":1},"o":{"x":0.167,"y":0.167},"t":99,"s":[53.149,434.031,0],"to":[13.54,-17.311,0],"ti":[0,0,0]},{"i":{"x":0.833,"y":0.833},"o":{"x":0.167,"y":0.167},"t":130,"s":[218.95,221.45,0],"to":[0,0,0],"ti":[-0.015,-0.017,0]},{"i":{"x":0.667,"y":1},"o":{"x":0.333,"y":0},"t":131,"s":[218.95,221.45,0],"to":[-0.033,0.13,0],"ti":[0,0,0]},{"i":{"x":0.833,"y":0.833},"o":{"x":0.167,"y":0.167},"t":155,"s":[204.649,240.031,0],"to":[0,0,0],"ti":[0.34,-0.068,0]},{"i":{"x":0.337,"y":1},"o":{"x":0.333,"y":0},"t":156,"s":[204.649,240.031,0],"to":[-0.104,0.021,0],"ti":[0.019,0.043,0]},{"t":191,"s":[211.149,232.031,0]}],"ix":2},"a":{"a":0,"k":[35.318,38.974,0],"ix":1},"s":{"a":0,"k":[600,600,100],"ix":6}},"ao":0,"shapes":[{"ty":"gr","it":[{"ind":0,"ty":"sh","ix":1,"ks":{"a":0,"k":{"i":[[0,0],[0,0],[0.293,-1.119],[0.279,-0.719],[0.126,-0.289],[0.223,-0.399],[0,0],[0,0],[0,0]],"o":[[0,0],[-0.136,1.189],[-0.198,0.759],[-0.117,0.299],[-0.187,0.419],[0,0],[0,0],[0,0],[0,0]],"v":[[39.113,22.468],[39.113,22.473],[38.476,25.93],[37.762,28.147],[37.398,29.028],[36.785,30.262],[-42.614,-29.415],[-36.975,-31.855],[-34.494,-32.928]],"c":true},"ix":2},"nm":"Path 1","mn":"ADBE Vector Shape - Group","hd":false},{"ty":"fl","c":{"a":0,"k":[1,1,1,1],"ix":4},"o":{"a":0,"k":100,"ix":5},"r":1,"bm":0,"nm":"Fill 1","mn":"ADBE Vector Graphic - Fill","hd":false},{"ty":"tr","p":{"a":0,"k":[36.979,32.273],"ix":2},"a":{"a":0,"k":[0,0],"ix":1},"s":{"a":0,"k":[100,100],"ix":3},"r":{"a":0,"k":0,"ix":6},"o":{"a":0,"k":40,"ix":7},"sk":{"a":0,"k":0,"ix":4},"sa":{"a":0,"k":0,"ix":5},"nm":"Transform"}],"nm":"Stripe 1","np":2,"cix":2,"bm":0,"ix":1,"mn":"ADBE Vector Group","hd":false},{"ty":"gr","it":[{"ind":0,"ty":"sh","ix":1,"ks":{"a":0,"k":{"i":[[0,0],[0.364,-0.318],[0,0],[0.4,-0.285],[0,0],[0.111,-0.076],[0,0],[-0.137,-0.004],[0.153,0.354],[-0.233,0.587],[-0.38,0.279]],"o":[[-0.323,0.345],[0,0],[-0.359,0.319],[0,0],[-0.112,0.08],[0,0],[0.141,0.005],[-0.274,-0.233],[-0.267,-0.618],[0.162,-0.415],[0,0]],"v":[[42.042,30.214],[41.01,31.211],[40.919,31.287],[39.77,32.189],[39.765,32.189],[39.436,32.421],[-33.066,-22.115],[-32.646,-22.095],[-33.3,-22.98],[-33.325,-24.853],[-32.5,-25.921]],"c":true},"ix":2},"nm":"Path 1","mn":"ADBE Vector Shape - Group","hd":false},{"ty":"fl","c":{"a":0,"k":[1,1,1,1],"ix":4},"o":{"a":0,"k":100,"ix":5},"r":1,"bm":0,"nm":"Fill 1","mn":"ADBE Vector Graphic - Fill","hd":false},{"ty":"tr","p":{"a":0,"k":[31.948,37.78],"ix":2},"a":{"a":0,"k":[0,0],"ix":1},"s":{"a":0,"k":[100,100],"ix":3},"r":{"a":0,"k":0,"ix":6},"o":{"a":0,"k":40,"ix":7},"sk":{"a":0,"k":0,"ix":4},"sa":{"a":0,"k":0,"ix":5},"nm":"Transform"}],"nm":"Stripe 2","np":2,"cix":2,"bm":0,"ix":2,"mn":"ADBE Vector Group","hd":false},{"ty":"gr","it":[{"ind":0,"ty":"sh","ix":1,"ks":{"a":0,"k":{"i":[[-0.045,-0.324],[0,0],[0,0],[0,0],[-0.097,-0.375],[0,0],[0,0],[0,0],[-0.102,-0.638]],"o":[[0,0],[0,0],[0,0],[0.097,0.369],[0,0],[0,0],[0,0],[0.127,0.633],[0.055,0.319]],"v":[[26.882,21.37],[-29.633,-20.958],[-24.247,-23.286],[25.298,13.849],[25.587,14.962],[25.759,15.716],[26.366,18.419],[26.381,18.5],[26.731,20.408]],"c":true},"ix":2},"nm":"Path 1","mn":"ADBE Vector Shape - Group","hd":false},{"ty":"fl","c":{"a":0,"k":[1,1,1,1],"ix":4},"o":{"a":0,"k":100,"ix":5},"r":1,"bm":0,"nm":"Fill 1","mn":"ADBE Vector Graphic - Fill","hd":false},{"ty":"tr","p":{"a":0,"k":[45.209,20.052],"ix":2},"a":{"a":0,"k":[0,0],"ix":1},"s":{"a":0,"k":[100,100],"ix":3},"r":{"a":0,"k":0,"ix":6},"o":{"a":0,"k":40,"ix":7},"sk":{"a":0,"k":0,"ix":4},"sa":{"a":0,"k":0,"ix":5},"nm":"Transform"}],"nm":"Stripe 3","np":2,"cix":2,"bm":0,"ix":3,"mn":"ADBE Vector Group","hd":false}],"ip":0,"op":1341,"st":0,"bm":0}]},{"id":"comp_6","layers":[{"ddd":0,"ind":1,"ty":4,"nm":"Shape Layer 1","parent":3,"sr":1,"ks":{"o":{"a":0,"k":100,"ix":11},"r":{"a":0,"k":0,"ix":10},"p":{"a":0,"k":[86.616,94.22,0],"ix":2},"a":{"a":0,"k":[0,0,0],"ix":1},"s":{"a":0,"k":[16.667,16.667,100],"ix":6}},"ao":0,"shapes":[{"ty":"gr","it":[{"ind":0,"ty":"sh","ix":1,"ks":{"a":0,"k":{"i":[[0,0],[0,0]],"o":[[0,0],[0,0]],"v":[[-109.5,59.5],[-109.5,228.5]],"c":false},"ix":2},"nm":"Path 1","mn":"ADBE Vector Shape - Group","hd":false},{"ty":"st","c":{"a":0,"k":[0.302001953125,0.501983642578,0.893981933594,1],"ix":3},"o":{"a":0,"k":100,"ix":4},"w":{"a":0,"k":7,"ix":5},"lc":1,"lj":1,"ml":4,"bm":0,"nm":"Stroke 1","mn":"ADBE Vector Graphic - Stroke","hd":false},{"ty":"tr","p":{"a":0,"k":[8.5,0],"ix":2},"a":{"a":0,"k":[0,0],"ix":1},"s":{"a":0,"k":[100,100],"ix":3},"r":{"a":0,"k":0,"ix":6},"o":{"a":0,"k":100,"ix":7},"sk":{"a":0,"k":0,"ix":4},"sa":{"a":0,"k":0,"ix":5},"nm":"Transform"}],"nm":"Shape 1","np":3,"cix":2,"bm":0,"ix":1,"mn":"ADBE Vector Group","hd":false}],"ip":0,"op":1341,"st":0,"bm":0},{"ddd":0,"ind":2,"ty":4,"nm":"Shape Layer 2","parent":3,"sr":1,"ks":{"o":{"a":0,"k":100,"ix":11},"r":{"a":0,"k":0,"ix":10},"p":{"a":0,"k":[78.032,94.179,0],"ix":2},"a":{"a":0,"k":[0,0,0],"ix":1},"s":{"a":0,"k":[16.667,16.667,100],"ix":6}},"ao":0,"shapes":[{"ty":"gr","it":[{"ind":0,"ty":"sh","ix":1,"ks":{"a":0,"k":{"i":[[0,0],[0,0],[0,0],[0,0]],"o":[[0,0],[0,0],[0,0],[0,0]],"v":[[194.645,60],[194.645,184],[339.151,183.293],[449.152,183]],"c":false},"ix":2},"nm":"Path 1","mn":"ADBE Vector Shape - Group","hd":false},{"ty":"st","c":{"a":0,"k":[0.302001953125,0.501983642578,0.893981933594,1],"ix":3},"o":{"a":0,"k":100,"ix":4},"w":{"a":0,"k":7,"ix":5},"lc":1,"lj":1,"ml":4,"bm":0,"nm":"Stroke 1","mn":"ADBE Vector Graphic - Stroke","hd":false},{"ty":"tr","p":{"a":0,"k":[0,0],"ix":2},"a":{"a":0,"k":[0,0],"ix":1},"s":{"a":0,"k":[100.694,100],"ix":3},"r":{"a":0,"k":0,"ix":6},"o":{"a":0,"k":100,"ix":7},"sk":{"a":0,"k":0,"ix":4},"sa":{"a":0,"k":0,"ix":5},"nm":"Transform"}],"nm":"Shape 1","np":3,"cix":2,"bm":0,"ix":1,"mn":"ADBE Vector Group","hd":false}],"ip":0,"op":1341,"st":0,"bm":0},{"ddd":0,"ind":3,"ty":4,"nm":"Background 3","parent":5,"sr":1,"ks":{"o":{"a":0,"k":100,"ix":11},"r":{"a":0,"k":0,"ix":10},"p":{"a":0,"k":[85.59,86.689,0],"ix":2},"a":{"a":0,"k":[85.59,86.689,0],"ix":1},"s":{"a":0,"k":[100,100,100],"ix":6}},"ao":0,"shapes":[{"ty":"gr","it":[{"ind":0,"ty":"sh","ix":1,"ks":{"a":0,"k":{"i":[[0,0],[0.458,-0.451],[0.758,0],[0.608,0.644],[0,0],[-0.557,0],[-0.19,0.172],[0,0.293],[0,0],[0.944,0.021],[0,0],[0,0],[0,0],[0,0],[0,0],[0,0],[0,0],[0,0],[0,-1.131]],"o":[[0,0.715],[-0.458,0.45],[-0.98,0],[0,0],[0.472,0.458],[0.308,0],[0.19,-0.172],[0,0],[0,-0.658],[0,0],[0,0],[0,0],[0,0],[0,0],[0,0],[0,0],[0,0],[1.202,0.243],[0,0]],"v":[[2.447,1.384],[1.759,3.133],[-0.065,3.809],[-2.447,2.843],[-1.653,1.716],[-0.108,2.403],[0.638,2.146],[0.923,1.448],[0.923,1.405],[-0.493,0.386],[-0.977,0.386],[-1.159,-0.601],[0.461,-2.436],[-2.115,-2.436],[-2.115,-3.809],[2.349,-3.809],[2.349,-2.587],[0.643,-0.73],[2.447,1.33]],"c":true},"ix":2},"nm":"Path 1","mn":"ADBE Vector Shape - Group","hd":false},{"ty":"fl","c":{"a":0,"k":[0.808000033509,0.905999995213,0.929000016755,1],"ix":4},"o":{"a":0,"k":100,"ix":5},"r":1,"bm":0,"nm":"Fill 1","mn":"ADBE Vector Graphic - Fill","hd":false},{"ty":"tr","p":{"a":0,"k":[43.256,150.771],"ix":2},"a":{"a":0,"k":[0,0],"ix":1},"s":{"a":0,"k":[100,100],"ix":3},"r":{"a":0,"k":0,"ix":6},"o":{"a":0,"k":100,"ix":7},"sk":{"a":0,"k":0,"ix":4},"sa":{"a":0,"k":0,"ix":5},"nm":"Transform"}],"nm":"3","np":2,"cix":2,"bm":0,"ix":1,"mn":"ADBE Vector Group","hd":false},{"ty":"gr","it":[{"ind":0,"ty":"sh","ix":1,"ks":{"a":0,"k":{"i":[[0,0],[0,0],[0,0],[0,0],[-0.154,0.251],[0,0.258],[0.165,0.157],[0.272,0],[0.204,-0.129],[0.258,-0.279],[0,0],[-0.358,0.189],[-0.515,0],[-0.418,-0.379],[0,-0.651],[0,0],[0.23,-0.357],[0.586,-0.564],[0,0],[0,0]],"o":[[0,0],[0,0],[0,0],[0.401,-0.415],[0.153,-0.25],[0,-0.271],[-0.165,-0.157],[-0.251,0],[-0.204,0.129],[0,0],[0.329,-0.4],[0.357,-0.19],[0.702,0],[0.419,0.379],[0,0],[0,0.486],[-0.228,0.358],[0,0],[0,0],[0,0]],"v":[[2.398,3.798],[-2.398,3.798],[-2.398,2.553],[-0.274,0.247],[0.558,-0.751],[0.789,-1.513],[0.542,-2.156],[-0.113,-2.392],[-0.794,-2.199],[-1.487,-1.588],[-2.291,-2.629],[-1.261,-3.513],[0.048,-3.798],[1.727,-3.229],[2.355,-1.684],[2.355,-1.652],[2.011,-0.387],[0.789,0.998],[-0.392,2.415],[2.398,2.415]],"c":true},"ix":2},"nm":"Path 1","mn":"ADBE Vector Shape - Group","hd":false},{"ty":"fl","c":{"a":0,"k":[0.808000033509,0.905999995213,0.929000016755,1],"ix":4},"o":{"a":0,"k":100,"ix":5},"r":1,"bm":0,"nm":"Fill 1","mn":"ADBE Vector Graphic - Fill","hd":false},{"ty":"tr","p":{"a":0,"k":[133.435,135.52],"ix":2},"a":{"a":0,"k":[0,0],"ix":1},"s":{"a":0,"k":[100,100],"ix":3},"r":{"a":0,"k":0,"ix":6},"o":{"a":0,"k":100,"ix":7},"sk":{"a":0,"k":0,"ix":4},"sa":{"a":0,"k":0,"ix":5},"nm":"Transform"}],"nm":"2","np":2,"cix":2,"bm":0,"ix":2,"mn":"ADBE Vector Group","hd":false},{"ty":"gr","it":[{"ind":0,"ty":"sh","ix":1,"ks":{"a":0,"k":{"i":[[0,0],[0,0],[0,0],[0,0],[0,0],[0,0],[0,0]],"o":[[0,0],[0,0],[0,0],[0,0],[0,0],[0,0],[0,0]],"v":[[1.459,3.782],[-0.075,3.782],[-0.075,-2.184],[-1.224,-1.884],[-1.459,-3.225],[0.397,-3.782],[1.459,-3.782]],"c":true},"ix":2},"nm":"Path 1","mn":"ADBE Vector Shape - Group","hd":false},{"ty":"fl","c":{"a":0,"k":[0.808000033509,0.905999995213,0.929000016755,1],"ix":4},"o":{"a":0,"k":100,"ix":5},"r":1,"bm":0,"nm":"Fill 1","mn":"ADBE Vector Graphic - Fill","hd":false},{"ty":"tr","p":{"a":0,"k":[89.644,113.693],"ix":2},"a":{"a":0,"k":[0,0],"ix":1},"s":{"a":0,"k":[100,100],"ix":3},"r":{"a":0,"k":0,"ix":6},"o":{"a":0,"k":100,"ix":7},"sk":{"a":0,"k":0,"ix":4},"sa":{"a":0,"k":0,"ix":5},"nm":"Transform"}],"nm":"1","np":2,"cix":2,"bm":0,"ix":3,"mn":"ADBE Vector Group","hd":false},{"ty":"gr","it":[{"ind":0,"ty":"sh","ix":1,"ks":{"a":0,"k":{"i":[[0,0],[0,0],[0,0],[0,0],[0,0],[0,0],[0,0],[0,0],[0,0],[1.091,-0.545]],"o":[[0,0],[0,0],[0,0],[0,0],[0,0],[0,0],[0,0],[0,0],[0,0],[-1.091,0.545]],"v":[[32.911,21.985],[-13.63,-3.789],[-2.74,9.445],[-40.882,-12.946],[-21.923,-14.55],[-21.782,-14.558],[-23.527,-20.251],[-16.115,-25.201],[38.352,19.412],[35.831,20.807]],"c":true},"ix":2},"nm":"Path 1","mn":"ADBE Vector Shape - Group","hd":false},{"ty":"fl","c":{"a":0,"k":[0.808000033509,0.905999995213,0.929000016755,1],"ix":4},"o":{"a":0,"k":100,"ix":5},"r":1,"bm":0,"nm":"Fill 1","mn":"ADBE Vector Graphic - Fill","hd":false},{"ty":"tr","p":{"a":1,"k":[{"i":{"x":0,"y":1},"o":{"x":0.167,"y":0.197},"t":5,"s":[28.265,179.005],"to":[8.5,-6.5],"ti":[-8.5,6.5]},{"t":40,"s":[79.265,140.005]}],"ix":2},"a":{"a":0,"k":[0,0],"ix":1},"s":{"a":0,"k":[100,100],"ix":3},"r":{"a":0,"k":0,"ix":6},"o":{"a":0,"k":100,"ix":7},"sk":{"a":0,"k":0,"ix":4},"sa":{"a":0,"k":0,"ix":5},"nm":"Transform"}],"nm":"Group 6","np":2,"cix":2,"bm":0,"ix":4,"mn":"ADBE Vector Group","hd":false},{"ty":"gr","it":[{"ind":0,"ty":"sh","ix":1,"ks":{"a":0,"k":{"i":[[0,0],[0,0],[0,0],[0,0],[0,0],[0,0],[2.159,-1.751],[0.977,-0.726]],"o":[[0,0],[0,0],[0,0],[0,0],[0,0],[0,0],[-1.507,1.223],[-2.376,1.765]],"v":[[7.458,14.35],[-48.262,-23.267],[-49.088,-29.814],[-2.776,-2.718],[-14.658,-14.407],[22.732,3.254],[18.576,6.696],[14.41,9.821]],"c":true},"ix":2},"nm":"Path 1","mn":"ADBE Vector Shape - Group","hd":false},{"ty":"fl","c":{"a":0,"k":[0.808000033509,0.905999995213,0.929000016755,1],"ix":4},"o":{"a":0,"k":100,"ix":5},"r":1,"bm":0,"nm":"Fill 1","mn":"ADBE Vector Graphic - Fill","hd":false},{"ty":"tr","p":{"a":1,"k":[{"i":{"x":0,"y":1},"o":{"x":0.167,"y":0.197},"t":5,"s":[64.788,181.219],"to":[8.167,-6.333],"ti":[-8.167,6.333]},{"t":40,"s":[113.788,143.219]}],"ix":2},"a":{"a":0,"k":[0,0],"ix":1},"s":{"a":0,"k":[100,100],"ix":3},"r":{"a":0,"k":0,"ix":6},"o":{"a":0,"k":100,"ix":7},"sk":{"a":0,"k":0,"ix":4},"sa":{"a":0,"k":0,"ix":5},"nm":"Transform"}],"nm":"Group 7","np":2,"cix":2,"bm":0,"ix":5,"mn":"ADBE Vector Group","hd":false}],"ip":0,"op":1341,"st":0,"bm":0},{"ddd":0,"ind":4,"ty":4,"nm":"Shape Layer 3","parent":3,"sr":1,"ks":{"o":{"a":0,"k":100,"ix":11},"r":{"a":0,"k":0,"ix":10},"p":{"a":0,"k":[87.91,100.532,0],"ix":2},"a":{"a":0,"k":[0,0,0],"ix":1},"s":{"a":0,"k":[30.299,30.299,100],"ix":6}},"ao":0,"shapes":[{"ind":0,"ty":"sh","ix":1,"ks":{"a":0,"k":{"i":[[0,0],[38.424,-36.074],[31.968,-12.413],[16.841,-3.076],[14.375,1.286],[41.902,26.964],[0,0],[0,0],[-0.49,0.193],[-0.451,0.947],[0,0.657],[0,0],[0,0],[0,0]],"o":[[0,0],[-23.989,22.522],[-21.589,8.383],[-45.513,8.314],[-14.375,-1.286],[-38.082,-24.506],[0,0],[0.555,0],[0.993,-0.392],[0.278,-0.555],[0,0],[0,0],[0,0],[0,0]],"v":[[216.13,80.245],[165.076,147.074],[77.205,203.786],[21.638,221.561],[-50.375,227.036],[-145.152,195.036],[-207.793,132.463],[-65.256,132.482],[-63.67,131.359],[-61.423,129.275],[-61.001,127.433],[-61.001,12.5],[74.732,12.5],[74.732,80.216]],"c":true},"ix":2},"nm":"Path 1","mn":"ADBE Vector Shape - Group","hd":false},{"ty":"fl","c":{"a":0,"k":[1,1,1,1],"ix":4},"o":{"a":0,"k":100,"ix":5},"r":1,"bm":0,"nm":"Fill 1","mn":"ADBE Vector Graphic - Fill","hd":false}],"ip":0,"op":1341,"st":0,"bm":0},{"ddd":0,"ind":5,"ty":4,"nm":"Background 2","sr":1,"ks":{"o":{"a":0,"k":100,"ix":11},"r":{"a":0,"k":0,"ix":10},"p":{"a":0,"k":[742.342,541.812,0],"ix":2},"a":{"a":0,"k":[85.59,86.689,0],"ix":1},"s":{"a":0,"k":[600,600,100],"ix":6}},"ao":0,"shapes":[{"ty":"gr","it":[{"ty":"gr","it":[{"ind":0,"ty":"sh","ix":1,"ks":{"a":0,"k":{"i":[[7.272,-7.145],[7.867,-5.682],[8.797,-3.135],[-7.546,-23.25],[-38.303,13.828],[13.086,38.872],[21.454,0.001]],"o":[[-6.785,6.666],[-7.816,5.647],[-22.487,8.014],[13.864,42.708],[45.771,-16.522],[-9.241,-27.456],[-8.921,-0.001]],"v":[[-10.243,-49.521],[-26.37,-25.9],[-54.272,-17.215],[-73.865,37.677],[15.892,82.104],[68.324,-13.802],[14.598,-59.885]],"c":true},"ix":2},"nm":"Path 2","mn":"ADBE Vector Shape - Group","hd":false},{"ty":"tr","p":{"a":0,"k":[0,0],"ix":2},"a":{"a":0,"k":[0,0],"ix":1},"s":{"a":0,"k":[100,100],"ix":3},"r":{"a":0,"k":0,"ix":6},"o":{"a":0,"k":100,"ix":7},"sk":{"a":0,"k":0,"ix":4},"sa":{"a":0,"k":0,"ix":5},"nm":"Transform"}],"nm":"Group 1","np":1,"cix":2,"bm":0,"ix":1,"mn":"ADBE Vector Group","hd":false},{"ty":"fl","c":{"a":0,"k":[0.808000033509,0.905999995213,0.929000016755,1],"ix":4},"o":{"a":0,"k":100,"ix":5},"r":1,"bm":0,"nm":"Fill 1","mn":"ADBE Vector Graphic - Fill","hd":false},{"ty":"tr","p":{"a":0,"k":[89.142,82.477],"ix":2},"a":{"a":0,"k":[0,0],"ix":1},"s":{"a":0,"k":[100,100],"ix":3},"r":{"a":0,"k":0,"ix":6},"o":{"a":0,"k":100,"ix":7},"sk":{"a":0,"k":0,"ix":4},"sa":{"a":0,"k":0,"ix":5},"nm":"Transform"}],"nm":"Group 9","np":2,"cix":2,"bm":0,"ix":1,"mn":"ADBE Vector Group","hd":false}],"ip":0,"op":1341,"st":0,"bm":0}]}],"layers":[{"ddd":0,"ind":1,"ty":3,"nm":"Null 11","sr":1,"ks":{"o":{"a":0,"k":0,"ix":11},"r":{"a":0,"k":0,"ix":10},"p":{"a":0,"k":[1500,1175,0],"ix":2},"a":{"a":0,"k":[0,0,0],"ix":1},"s":{"a":0,"k":[200,200,100],"ix":6}},"ao":0,"ip":0,"op":1341,"st":0,"bm":0},{"ddd":0,"ind":2,"ty":0,"nm":"Right prize Comp 2","parent":1,"refId":"comp_0","sr":1,"ks":{"o":{"a":0,"k":100,"ix":11},"r":{"a":0,"k":0,"ix":10},"p":{"a":0,"k":[0,0,0],"ix":2},"a":{"a":0,"k":[750,587.5,0],"ix":1},"s":{"a":0,"k":[100,100,100],"ix":6}},"ao":0,"hasMask":true,"masksProperties":[{"inv":false,"mode":"a","pt":{"a":1,"k":[{"i":{"x":0.355,"y":1},"o":{"x":0.167,"y":0.167},"t":14,"s":[{"i":[[58.193,-33.253],[0,0],[31.59,-81.47],[-103.084,-119.711],[-139.663,69.832],[-29.512,45.723],[0.415,72.325],[31.591,72.325]],"o":[[-58.193,33.253],[0,0],[-31.59,81.47],[103.084,119.711],[77.914,-38.957],[17.137,-26.551],[-0.11,-19.192],[-4.261,-9.756]],"v":[[870.096,398.331],[524.265,429.922],[389.59,526.355],[466.072,858.885],[888.801,912.09],[1057.145,768.687],[1114.922,587.458],[1085.41,424.934]],"c":true}]},{"t":37,"s":[{"i":[[70,-40],[0,0],[38,-98],[-124,-144],[-168,84],[-35.5,55],[0.5,87],[38,87]],"o":[[-70,40],[0,0],[-38,98],[124,144],[93.723,-46.862],[20.615,-31.938],[-0.133,-23.086],[-5.126,-11.736]],"v":[[902,364.5],[486,402.5],[324,518.5],[416,918.5],[924.5,982.5],[1127,810],[1196.5,592],[1161,396.5]],"c":true}]}],"ix":1},"o":{"a":0,"k":100,"ix":3},"x":{"a":0,"k":0,"ix":4},"nm":"Mask 1"}],"w":1500,"h":1175,"ip":-3,"op":1338,"st":-3,"bm":0},{"ddd":0,"ind":3,"ty":0,"nm":"Left prize Comp 2","parent":1,"refId":"comp_2","sr":1,"ks":{"o":{"a":0,"k":100,"ix":11},"r":{"a":0,"k":0,"ix":10},"p":{"a":0,"k":[0,0,0],"ix":2},"a":{"a":0,"k":[750,587.5,0],"ix":1},"s":{"a":0,"k":[100,100,100],"ix":6}},"ao":0,"hasMask":true,"masksProperties":[{"inv":false,"mode":"a","pt":{"a":1,"k":[{"i":{"x":0.833,"y":0.833},"o":{"x":0.167,"y":0},"t":13,"s":[{"i":[[55.107,-31.49],[0,0],[29.915,-77.149],[-97.618,-113.363],[-132.256,66.129],[-27.947,43.298],[0.394,68.49],[29.915,68.49]],"o":[[-55.107,31.49],[0,0],[-29.915,77.149],[97.618,113.363],[73.782,-36.891],[16.229,-25.143],[-0.104,-18.174],[-4.035,-9.239]],"v":[[879.19,405.341],[551.698,435.256],[424.166,526.576],[496.592,841.471],[896.903,891.854],[1056.319,756.056],[1111.032,584.438],[1083.085,430.533]],"c":true}]},{"i":{"x":0.833,"y":0.833},"o":{"x":0.167,"y":0.167},"t":14,"s":[{"i":[[55.391,-31.652],[0,0],[30.069,-77.547],[-98.12,-113.946],[-132.937,66.469],[-28.091,43.521],[0.396,68.843],[30.069,68.843]],"o":[[-55.391,31.652],[0,0],[-30.069,77.547],[98.12,113.946],[74.162,-37.081],[16.312,-25.272],[-0.105,-18.268],[-4.056,-9.286]],"v":[[870.146,408.437],[540.968,438.507],[412.779,530.297],[485.578,846.813],[887.95,897.456],[1048.187,760.958],[1103.182,588.456],[1075.091,433.759]],"c":true}]},{"i":{"x":0.833,"y":0.833},"o":{"x":0.167,"y":0.167},"t":15,"s":[{"i":[[56.214,-32.122],[0,0],[30.516,-78.7],[-99.58,-115.641],[-134.914,67.458],[-28.509,44.168],[0.402,69.866],[30.516,69.867]],"o":[[-56.215,32.122],[0,0],[-30.516,78.7],[99.58,115.641],[75.265,-37.633],[16.555,-25.648],[-0.107,-18.54],[-4.116,-9.424]],"v":[[867.506,407.089],[533.432,437.605],[399.836,529.76],[477.218,851.984],[885.575,903.38],[1048.194,764.852],[1104.007,589.785],[1075.499,432.787]],"c":true}]},{"i":{"x":0.833,"y":0.833},"o":{"x":0.167,"y":0.167},"t":16,"s":[{"i":[[57.034,-32.591],[0,0],[30.962,-79.848],[-101.032,-117.328],[-136.882,68.442],[-28.925,44.813],[0.408,70.885],[30.961,70.886]],"o":[[-57.035,32.591],[0,0],[-30.961,79.848],[101.032,117.328],[76.363,-38.182],[16.796,-26.023],[-0.108,-18.81],[-4.177,-9.562]],"v":[[864.625,404.164],[525.678,435.126],[390.392,528.699],[468.644,855.549],[882.957,907.695],[1047.949,767.146],[1104.576,589.525],[1075.651,430.237]],"c":true}]},{"i":{"x":0.833,"y":0.833},"o":{"x":0.167,"y":0.167},"t":17,"s":[{"i":[[57.85,-33.057],[0,0],[31.404,-80.99],[-102.477,-119.006],[-138.84,69.42],[-29.338,45.453],[0.413,71.899],[31.404,71.899]],"o":[[-57.85,33.057],[0,0],[-31.404,80.99],[102.477,119.005],[77.455,-38.728],[17.036,-26.395],[-0.11,-19.079],[-4.236,-9.699]],"v":[[863.546,402.255],[519.753,433.659],[382.787,528.643],[461.903,860.095],[882.141,912.986],[1049.492,770.428],[1106.929,590.267],[1077.59,428.701]],"c":true}]},{"i":{"x":0.833,"y":0.833},"o":{"x":0.167,"y":0.167},"t":19,"s":[{"i":[[59.748,-34.142],[0,0],[32.434,-83.647],[-105.839,-122.91],[-143.395,71.698],[-30.301,46.945],[0.427,74.258],[32.434,74.258]],"o":[[-59.748,34.142],[0,0],[-32.434,83.647],[105.839,122.91],[79.996,-39.998],[17.595,-27.261],[-0.113,-19.705],[-4.375,-10.017]],"v":[[866.229,396.329],[511.156,428.764],[370.28,527.031],[451.409,869.189],[885.433,923.816],[1058.275,776.581],[1117.595,590.509],[1087.295,423.643]],"c":true}]},{"i":{"x":0.833,"y":0.833},"o":{"x":0.167,"y":0.167},"t":20,"s":[{"i":[[60.525,-34.586],[0,0],[32.857,-84.735],[-107.216,-124.509],[-145.26,72.631],[-30.695,47.556],[0.432,75.224],[32.856,75.224]],"o":[[-60.525,34.586],[0,0],[-32.856,84.735],[107.216,124.509],[81.037,-40.519],[17.824,-27.615],[-0.115,-19.961],[-4.432,-10.147]],"v":[[866.526,392.917],[506.834,425.773],[364.356,525.385],[446.309,871.929],[885.981,927.267],[1061.071,778.116],[1121.164,589.623],[1090.469,420.585]],"c":true}]},{"i":{"x":0.355,"y":1},"o":{"x":0.167,"y":0.167},"t":21,"s":[{"i":[[61.296,-35.026],[0,0],[33.275,-85.814],[-108.581,-126.094],[-147.109,73.555],[-31.086,48.161],[0.438,76.182],[33.275,76.182]],"o":[[-61.296,35.026],[0,0],[-33.275,85.814],[108.581,126.094],[82.068,-41.035],[18.051,-27.967],[-0.116,-20.215],[-4.489,-10.276]],"v":[[867.002,387.071],[502.732,420.346],[358.667,521.289],[441.436,872.18],[886.704,928.222],[1064.023,777.173],[1124.881,586.281],[1093.795,415.092]],"c":true}]},{"t":37,"s":[{"i":[[70,-40],[0,0],[38,-98],[-124,-144],[-168,84],[-35.5,55],[0.5,87],[38,87]],"o":[[-70,40],[0,0],[-38,98],[124,144],[93.723,-46.862],[20.615,-31.938],[-0.133,-23.086],[-5.126,-11.736]],"v":[[903.125,357.917],[487.125,395.917],[325.125,511.917],[417.125,911.917],[925.626,975.917],[1128.125,803.417],[1197.625,585.417],[1162.125,389.917]],"c":true}]}],"ix":1},"o":{"a":0,"k":100,"ix":3},"x":{"a":0,"k":0,"ix":4},"nm":"Mask 1"}],"w":1500,"h":1175,"ip":0,"op":1341,"st":0,"bm":0},{"ddd":0,"ind":4,"ty":4,"nm":"Heart","parent":1,"sr":1,"ks":{"o":{"a":1,"k":[{"i":{"x":[0],"y":[1]},"o":{"x":[0.151],"y":[0.679]},"t":47,"s":[0]},{"t":83,"s":[100]}],"ix":11},"r":{"a":1,"k":[{"i":{"x":[0],"y":[1]},"o":{"x":[0.151],"y":[-1.109]},"t":47,"s":[42]},{"t":83,"s":[0]}],"ix":10},"p":{"a":1,"k":[{"i":{"x":0,"y":1},"o":{"x":0.151,"y":0.546},"t":47,"s":[392.105,-445.682,0],"to":[-13.333,17.833,0],"ti":[13.333,-17.833,0]},{"t":83,"s":[312.105,-338.682,0]}],"ix":2},"a":{"a":0,"k":[20.885,18.746,0],"ix":1},"s":{"a":1,"k":[{"i":{"x":[0,0,0.667],"y":[1,1,1]},"o":{"x":[0.151,0.151,0.167],"y":[0.239,0.239,16.667]},"t":47,"s":[0,0,100]},{"t":83,"s":[600,600,100]}],"ix":6}},"ao":0,"shapes":[{"ty":"gr","it":[{"ind":0,"ty":"sh","ix":1,"ks":{"a":0,"k":{"i":[[0.181,0.105],[0.049,0.205],[0,0],[0.03,0.131],[0.038,0.291],[-0.001,0.282],[-0.08,0.36],[-0.174,0.299],[-0.865,0.239],[-0.94,-0.545],[-0.223,-0.258],[-0.142,-0.296],[-0.082,-0.227],[-0.036,-0.121],[-0.124,0.022],[-0.312,0.024],[-0.326,-0.063],[-0.268,-0.156],[-0.222,-0.87],[0.558,-0.961],[1.496,-0.432],[0,0]],"o":[[-0.182,-0.105],[0,0],[-0.013,-0.032],[-0.026,-0.117],[-0.038,-0.289],[0.001,-0.292],[0.083,-0.372],[0.557,-0.962],[0.866,-0.24],[0.268,0.156],[0.218,0.253],[0.133,0.281],[0.043,0.117],[0.123,-0.028],[0.239,-0.041],[0.326,-0.025],[0.336,0.066],[0.94,0.544],[0.223,0.87],[-0.559,0.965],[0,0],[-0.197,0.056]],"v":[[-3.945,5.908],[-4.299,5.433],[-5.923,-0.036],[-5.993,-0.295],[-6.09,-0.907],[-6.145,-1.768],[-6.022,-2.75],[-5.635,-3.761],[-3.361,-5.798],[-0.639,-5.338],[0.102,-4.714],[0.642,-3.886],[0.965,-3.124],[1.084,-2.766],[1.454,-2.841],[2.277,-2.938],[3.262,-2.881],[4.173,-2.547],[5.923,-0.415],[5.285,2.572],[2.189,4.678],[-3.366,5.982]],"c":true},"ix":2},"nm":"Path 1","mn":"ADBE Vector Shape - Group","hd":false},{"ty":"fl","c":{"a":0,"k":[1,1,1,1],"ix":4},"o":{"a":0,"k":100,"ix":5},"r":1,"bm":0,"nm":"Fill 1","mn":"ADBE Vector Graphic - Fill","hd":false},{"ty":"tr","p":{"a":0,"k":[21.544,18.637],"ix":2},"a":{"a":0,"k":[0,0],"ix":1},"s":{"a":0,"k":[100,100],"ix":3},"r":{"a":0,"k":0,"ix":6},"o":{"a":0,"k":100,"ix":7},"sk":{"a":0,"k":0,"ix":4},"sa":{"a":0,"k":0,"ix":5},"nm":"Transform"}],"nm":"Group 1","np":2,"cix":2,"bm":0,"ix":1,"mn":"ADBE Vector Group","hd":false},{"ty":"gr","it":[{"ind":0,"ty":"sh","ix":1,"ks":{"a":0,"k":{"i":[[2.514,1.458],[0,0],[1.458,-2.513],[0,0],[-2.513,-1.457],[0,0],[-0.708,-0.411],[-2.809,0.601],[0,0],[-1.458,2.514],[0,0]],"o":[[0,0],[-2.515,-1.458],[0,0],[-1.458,2.514],[0,0],[0.92,3.096],[0.689,0.399],[0,0],[2.514,1.458],[0,0],[1.458,-2.513]],"v":[[13.984,-3.653],[-3.763,-13.944],[-10.984,-12.024],[-15.904,-3.568],[-13.984,3.653],[-8.883,6.625],[-7.002,12.449],[-1.018,11.186],[3.763,13.944],[10.984,12.024],[15.904,3.568]],"c":true},"ix":2},"nm":"Path 1","mn":"ADBE Vector Shape - Group","hd":false},{"ty":"fl","c":{"a":0,"k":[0.301999978458,0.501999978458,0.894000004787,1],"ix":4},"o":{"a":0,"k":100,"ix":5},"r":1,"bm":0,"nm":"Fill 1","mn":"ADBE Vector Graphic - Fill","hd":false},{"ty":"tr","p":{"a":0,"k":[20.885,18.882],"ix":2},"a":{"a":0,"k":[0,0],"ix":1},"s":{"a":0,"k":[100,100],"ix":3},"r":{"a":0,"k":0,"ix":6},"o":{"a":0,"k":100,"ix":7},"sk":{"a":0,"k":0,"ix":4},"sa":{"a":0,"k":0,"ix":5},"nm":"Transform"}],"nm":"Group 2","np":2,"cix":2,"bm":0,"ix":2,"mn":"ADBE Vector Group","hd":false},{"ty":"gr","it":[{"ind":0,"ty":"sh","ix":1,"ks":{"a":0,"k":{"i":[[0,0],[0,0],[-1.203,-0.103],[-1.579,2.721],[0,0],[0.562,2.113],[1.886,1.093],[0,0],[1.204,0.103],[1.578,-2.72],[0,0],[-0.561,-2.113],[-1.883,-1.092],[0,0],[0,0],[-0.108,-0.439],[-1.531,-0.888],[-0.552,-0.047],[-1.582,0.453],[0,0],[-0.474,0.125]],"o":[[0,0],[1.047,0.607],[3.154,0.269],[0,0],[1.094,-1.885],[-0.561,-2.113],[0,0],[-1.047,-0.607],[-3.145,-0.266],[0,0],[-1.092,1.885],[0.561,2.112],[0,0],[0,0],[0.13,0.496],[0.569,2.324],[0.448,0.259],[1.09,0.097],[0,0],[0.433,-0.124],[0,0]],"v":[[-1.468,14.4],[2.312,16.582],[5.704,17.651],[13.484,13.614],[18.405,5.154],[19.229,-1.046],[15.432,-6.017],[-2.313,-16.309],[-5.704,-17.379],[-13.484,-13.342],[-18.405,-4.881],[-19.23,1.318],[-15.44,6.287],[-11.349,8.671],[-11.306,8.834],[-10.952,10.239],[-8.452,15.086],[-6.944,15.548],[-3.13,14.86],[-2.998,14.822],[-1.63,14.442]],"c":true},"ix":2},"nm":"Path 1","mn":"ADBE Vector Shape - Group","hd":false},{"ind":1,"ty":"sh","ix":2,"ks":{"a":0,"k":{"i":[[3.186,0],[0.253,0.022],[0,0],[1.152,0.667],[0,0],[0.379,-0.108],[0,0],[1.246,0.11],[0.553,0.32],[0.557,2.273],[0.112,0.432],[0,0],[0.617,2.323],[-1.203,2.074],[0,0],[-3.468,-0.305],[-1.151,-0.668],[0,0],[-0.617,-2.324],[1.203,-2.074],[0,0]],"o":[[-0.252,0],[0,0],[-1.326,-0.112],[0,0],[-0.411,0.109],[0,0],[-1.676,0.481],[-0.673,-0.057],[-1.832,-1.063],[-0.108,-0.44],[0,0],[-2.071,-1.201],[-0.616,-2.323],[0,0],[1.735,-2.991],[1.324,0.112],[0,0],[2.073,1.204],[0.619,2.323],[0,0],[-1.608,2.772]],"v":[[6.394,18.496],[5.635,18.464],[5.635,18.463],[1.903,17.288],[-1.584,15.275],[-2.775,15.607],[-2.896,15.641],[-7.013,16.36],[-8.861,15.792],[-11.73,10.493],[-12.052,9.205],[-15.85,6.992],[-20.019,1.527],[-19.11,-5.291],[-14.189,-13.752],[-5.635,-18.191],[-1.904,-17.015],[15.844,-6.724],[20.017,-1.255],[19.109,5.564],[14.189,14.024]],"c":true},"ix":2},"nm":"Path 2","mn":"ADBE Vector Shape - Group","hd":false},{"ty":"fl","c":{"a":0,"k":[0.122000002394,0.301999978458,0.611999990426,1],"ix":4},"o":{"a":0,"k":100,"ix":5},"r":1,"bm":0,"nm":"Fill 1","mn":"ADBE Vector Graphic - Fill","hd":false},{"ty":"tr","p":{"a":0,"k":[20.885,18.746],"ix":2},"a":{"a":0,"k":[0,0],"ix":1},"s":{"a":1,"k":[{"i":{"x":[0,0],"y":[1,1]},"o":{"x":[0.167,0.167],"y":[0.167,0.167]},"t":57,"s":[0,0]},{"t":100,"s":[100,100]}],"ix":3},"r":{"a":0,"k":0,"ix":6},"o":{"a":0,"k":100,"ix":7},"sk":{"a":0,"k":0,"ix":4},"sa":{"a":0,"k":0,"ix":5},"nm":"Transform"}],"nm":"Group 3","np":3,"cix":2,"bm":0,"ix":3,"mn":"ADBE Vector Group","hd":false}],"ip":29,"op":1370,"st":29,"bm":0},{"ddd":0,"ind":5,"ty":0,"nm":"Gold prize Comp 1","parent":1,"refId":"comp_4","sr":1,"ks":{"o":{"a":0,"k":100,"ix":11},"r":{"a":1,"k":[{"i":{"x":[0.732],"y":[1.047]},"o":{"x":[0.167],"y":[0]},"t":28,"s":[-29]},{"i":{"x":[0.833],"y":[0.833]},"o":{"x":[0.167],"y":[0.167]},"t":60,"s":[10]},{"i":{"x":[0.713],"y":[0.82]},"o":{"x":[0.302],"y":[0]},"t":61,"s":[10]},{"i":{"x":[0.145],"y":[1]},"o":{"x":[0.261],"y":[-1.447]},"t":80,"s":[-4]},{"t":128,"s":[0]}],"ix":10},"p":{"a":1,"k":[{"i":{"x":0.196,"y":1},"o":{"x":0.167,"y":0},"t":28,"s":[276.376,-565.681,0],"to":[-33.402,61.147,0],"ti":[227.35,-22.358,0]},{"i":{"x":0.492,"y":1},"o":{"x":0.419,"y":0},"t":56,"s":[-111.52,-190.715,0],"to":[0.028,0.277,0],"ti":[-27.462,17.69,0]},{"i":{"x":0.833,"y":0.833},"o":{"x":0.167,"y":0.167},"t":80,"s":[-41.586,-215.61,0],"to":[0.183,-0.213,0],"ti":[0.038,0.065,0]},{"i":{"x":0.344,"y":1},"o":{"x":0.333,"y":0},"t":81,"s":[-41.586,-215.61,0],"to":[-0.141,-0.243,0],"ti":[3.086,-0.64,0]},{"t":105,"s":[-53.336,-210.11,0]}],"ix":2},"a":{"a":0,"k":[251.664,229.39,0],"ix":1},"s":{"a":1,"k":[{"i":{"x":[0,0,0.667],"y":[1,1,1]},"o":{"x":[0.167,0.167,0.167],"y":[0,0,0]},"t":28,"s":[0,0,100]},{"t":56,"s":[100,100,100]}],"ix":6}},"ao":0,"w":415,"h":465,"ip":-69,"op":1272,"st":-69,"bm":0},{"ddd":0,"ind":6,"ty":0,"nm":"Pre-comp 10","parent":1,"refId":"comp_6","sr":1,"ks":{"o":{"a":0,"k":100,"ix":11},"r":{"a":0,"k":0,"ix":10},"p":{"a":0,"k":[0,0,0],"ix":2},"a":{"a":0,"k":[750,587.5,0],"ix":1},"s":{"a":1,"k":[{"i":{"x":[0,0,0.667],"y":[1,1,1]},"o":{"x":[0.167,0.167,0.167],"y":[0.167,0.167,0]},"t":0,"s":[0,0,100]},{"t":40,"s":[100,100,100]}],"ix":6}},"ao":0,"hasMask":true,"masksProperties":[{"inv":false,"mode":"a","pt":{"a":0,"k":{"i":[[152.467,-10.673],[40,-58],[-12,-108],[-27.089,-60.416],[-34.464,-31.813],[-166.345,1.285],[0,0],[-60.519,60.519],[-10,20.5],[0,0],[32,164]],"o":[[-200,14],[-40,58],[6.425,57.825],[23.505,52.423],[32.5,30],[129.5,-1],[0,0],[34,-34],[10,-20.5],[0,0],[-32,-164]],"v":[[828,72],[378,312],[292,614],[341.904,798.094],[434.5,933],[708.5,1039.5],[957.5,967],[1078,871],[1146.5,776],[1246,754],[1404,404]],"c":true},"ix":1},"o":{"a":0,"k":100,"ix":3},"x":{"a":0,"k":0,"ix":4},"nm":"Mask 1"}],"w":1500,"h":1175,"ip":0,"op":1341,"st":0,"bm":0}],"markers":[]}